MS-DRG ,FY 2020 FINAL Post-Acute DRG,FY 2020 FINAL Special Pay DRG,MDC,TYPE,MS-DRG Title,Weights,Geometric mean LOS,Arithmetic mean LOS
001,No,No,PRE,SURG,HEART TRANSPLANT OR IMPLANT OF HEART ASSIST SYSTEM W MCC,27.6339,28.5,37.4
002,No,No,PRE,SURG,HEART TRANSPLANT OR IMPLANT OF HEART ASSIST SYSTEM W/O MCC,14.0137,16.8,20.6
003,Yes,No,PRE,SURG,"ECMO OR TRACH W MV >96 HRS OR PDX EXC FACE, MOUTH & NECK W MAJ O.R.",18.9539,22.9,30.4
004,Yes,No,PRE,SURG,"TRACH W MV >96 HRS OR PDX EXC FACE, MOUTH & NECK W/O MAJ O.R.",11.5438,19.6,23.8
005,No,No,PRE,SURG,LIVER TRANSPLANT W MCC OR INTESTINAL TRANSPLANT,10.3127,14.5,19.5
006,No,No,PRE,SURG,LIVER TRANSPLANT W/O MCC,4.8719,7.6,8.2
007,No,No,PRE,SURG,LUNG TRANSPLANT,10.7863,17.2,20.2
008,No,No,PRE,SURG,SIMULTANEOUS PANCREAS/KIDNEY TRANSPLANT,5.6161,8.8,10.1
010,No,No,PRE,SURG,PANCREAS TRANSPLANT,3.9761,7.5,8.4
011,No,No,PRE,SURG,"TRACHEOSTOMY FOR FACE, MOUTH & NECK DIAGNOSES OR LARYNGECTOMY W MCC",4.9438,11.0,13.5
012,No,No,PRE,SURG,"TRACHEOSTOMY FOR FACE, MOUTH & NECK DIAGNOSES OR LARYNGECTOMY W CC",3.7740,8.5,9.7
013,No,No,PRE,SURG,"TRACHEOSTOMY FOR FACE, MOUTH & NECK DIAGNOSES OR LARYNGECTOMY W/O CC/MCC",2.4253,6.0,6.7
014,No,No,PRE,SURG,ALLOGENEIC BONE MARROW TRANSPLANT,12.7548,25.0,28.5
016,No,No,PRE,SURG,AUTOLOGOUS BONE MARROW TRANSPLANT W CC/MCC OR T-CELL IMMUNOTHERAPY,6.8852,16.8,18.1
017,No,No,PRE,SURG,AUTOLOGOUS BONE MARROW TRANSPLANT W/O CC/MCC,4.4474,7.8,10.5
020,No,No,01,SURG,INTRACRANIAL VASCULAR PROCEDURES W PDX HEMORRHAGE W MCC,10.8210,13.5,16.9
021,No,No,01,SURG,INTRACRANIAL VASCULAR PROCEDURES W PDX HEMORRHAGE W CC,8.2737,11.9,13.8
022,No,No,01,SURG,INTRACRANIAL VASCULAR PROCEDURES W PDX HEMORRHAGE W/O CC/MCC,4.9318,5.1,7.2
023,Yes,Yes,01,SURG,CRANIOTOMY W MAJOR DEVICE IMPLANT OR ACUTE COMPLEX CNS PDX W MCC OR CHEMOTHERAPY IMPLANT OR EPILEPSY W NEUROSTIMULATOR,5.6171,7.1,9.9
024,Yes,Yes,01,SURG,CRANIO W MAJOR DEV IMPL/ACUTE COMPLEX CNS PDX W/O MCC,4.0165,4.2,5.3
025,Yes,No,01,SURG,CRANIOTOMY & ENDOVASCULAR INTRACRANIAL PROCEDURES W MCC,4.3945,6.6,8.8
026,Yes,No,01,SURG,CRANIOTOMY & ENDOVASCULAR INTRACRANIAL PROCEDURES W CC,3.0458,4.0,5.5
027,Yes,No,01,SURG,CRANIOTOMY & ENDOVASCULAR INTRACRANIAL PROCEDURES W/O CC/MCC,2.3967,1.9,2.6
028,Yes,Yes,01,SURG,SPINAL PROCEDURES W MCC,5.5904,8.9,11.5
029,Yes,Yes,01,SURG,SPINAL PROCEDURES W CC OR SPINAL NEUROSTIMULATORS,3.2070,4.4,5.8
030,Yes,Yes,01,SURG,SPINAL PROCEDURES W/O CC/MCC,2.2721,2.4,3.2
031,Yes,No,01,SURG,VENTRICULAR SHUNT PROCEDURES W MCC,4.3745,7.3,10.7
032,Yes,No,01,SURG,VENTRICULAR SHUNT PROCEDURES W CC,2.1921,3.0,4.4
033,Yes,No,01,SURG,VENTRICULAR SHUNT PROCEDURES W/O CC/MCC,1.7009,1.7,2.2
034,No,No,01,SURG,CAROTID ARTERY STENT PROCEDURE W MCC,3.7537,4.7,6.8
035,No,No,01,SURG,CAROTID ARTERY STENT PROCEDURE W CC,2.3022,2.1,3.0
036,No,No,01,SURG,CAROTID ARTERY STENT PROCEDURE W/O CC/MCC,1.7510,1.2,1.4
037,No,No,01,SURG,EXTRACRANIAL PROCEDURES W MCC,3.2433,4.9,7.1
038,No,No,01,SURG,EXTRACRANIAL PROCEDURES W CC,1.6752,2.1,3.1
039,No,No,01,SURG,EXTRACRANIAL PROCEDURES W/O CC/MCC,1.1313,1.3,1.5
040,Yes,Yes,01,SURG,PERIPH/CRANIAL NERVE & OTHER NERV SYST PROC W MCC,3.9404,7.5,10.4
041,Yes,Yes,01,SURG,PERIPH/CRANIAL NERVE & OTHER NERV SYST PROC W CC OR PERIPH NEUROSTIM,2.3715,4.1,5.2
042,Yes,Yes,01,SURG,PERIPH/CRANIAL NERVE & OTHER NERV SYST PROC W/O CC/MCC,1.8483,2.5,3.0
052,No,No,01,MED,SPINAL DISORDERS & INJURIES W CC/MCC,1.6289,4.1,5.8
053,No,No,01,MED,SPINAL DISORDERS & INJURIES W/O CC/MCC,0.9661,2.7,3.5
054,Yes,No,01,MED,NERVOUS SYSTEM NEOPLASMS W MCC,1.3401,3.8,5.1
055,Yes,No,01,MED,NERVOUS SYSTEM NEOPLASMS W/O MCC,0.9860,3.0,4.0
056,Yes,No,01,MED,DEGENERATIVE NERVOUS SYSTEM DISORDERS W MCC,2.1924,5.5,8.2
057,Yes,No,01,MED,DEGENERATIVE NERVOUS SYSTEM DISORDERS W/O MCC,1.2108,3.8,5.6
058,No,No,01,MED,MULTIPLE SCLEROSIS & CEREBELLAR ATAXIA W MCC,1.9547,5.3,7.2
059,No,No,01,MED,MULTIPLE SCLEROSIS & CEREBELLAR ATAXIA W CC,1.0905,3.6,4.4
060,No,No,01,MED,MULTIPLE SCLEROSIS & CEREBELLAR ATAXIA W/O CC/MCC,0.8817,3.0,3.5
061,No,No,01,MED,"ISCHEMIC STROKE, PRECEREBRAL OCCLUSION OR TRANSIENT ISCHEMIA W THROMBOLYTIC AGENT W MCC",2.7935,4.8,6.2
062,No,No,01,MED,"ISCHEMIC STROKE, PRECEREBRAL OCCLUSION OR TRANSIENT ISCHEMIA W THROMBOLYTIC AGENT W CC",2.0112,3.3,3.8
063,No,No,01,MED,"ISCHEMIC STROKE, PRECEREBRAL OCCLUSION OR TRANSIENT ISCHEMIA W THROMBOLYTIC AGENT W/O CC/MCC",1.6808,2.4,2.7
064,Yes,No,01,MED,INTRACRANIAL HEMORRHAGE OR CEREBRAL INFARCTION W MCC,1.8748,4.3,6.0
065,Yes,No,01,MED,INTRACRANIAL HEMORRHAGE OR CEREBRAL INFARCTION W CC OR TPA IN 24 HRS,1.0277,3.0,3.7
066,Yes,No,01,MED,INTRACRANIAL HEMORRHAGE OR CEREBRAL INFARCTION W/O CC/MCC,0.7170,2.0,2.4
067,No,No,01,MED,NONSPECIFIC CVA & PRECEREBRAL OCCLUSION W/O INFARCT W MCC,1.4645,3.5,4.8
068,No,No,01,MED,NONSPECIFIC CVA & PRECEREBRAL OCCLUSION W/O INFARCT W/O MCC,0.9034,2.2,2.7
069,No,No,01,MED,TRANSIENT ISCHEMIA W/O THROMBOLYTIC,0.7803,2.0,2.5
070,Yes,No,01,MED,NONSPECIFIC CEREBROVASCULAR DISORDERS W MCC,1.6729,4.5,6.3
071,Yes,No,01,MED,NONSPECIFIC CEREBROVASCULAR DISORDERS W CC,0.9947,3.3,4.3
072,Yes,No,01,MED,NONSPECIFIC CEREBROVASCULAR DISORDERS W/O CC/MCC,0.7385,2.3,2.9
073,No,No,01,MED,CRANIAL & PERIPHERAL NERVE DISORDERS W MCC,1.4156,3.6,5.0
074,No,No,01,MED,CRANIAL & PERIPHERAL NERVE DISORDERS W/O MCC,0.9881,2.9,3.7
075,No,No,01,MED,VIRAL MENINGITIS W CC/MCC,1.6082,4.8,6.1
076,No,No,01,MED,VIRAL MENINGITIS W/O CC/MCC,0.9025,2.9,3.5
077,No,No,01,MED,HYPERTENSIVE ENCEPHALOPATHY W MCC,1.5425,4.1,5.3
078,No,No,01,MED,HYPERTENSIVE ENCEPHALOPATHY W CC,0.9620,2.9,3.6
079,No,No,01,MED,HYPERTENSIVE ENCEPHALOPATHY W/O CC/MCC,0.7411,2.2,2.6
080,No,No,01,MED,NONTRAUMATIC STUPOR & COMA W MCC,1.9163,4.5,6.7
081,No,No,01,MED,NONTRAUMATIC STUPOR & COMA W/O MCC,0.8791,2.7,3.7
082,No,No,01,MED,"TRAUMATIC STUPOR & COMA, COMA >1 HR W MCC",2.2518,4.1,6.3
083,No,No,01,MED,"TRAUMATIC STUPOR & COMA, COMA >1 HR W CC",1.3107,3.3,4.2
084,No,No,01,MED,"TRAUMATIC STUPOR & COMA, COMA >1 HR W/O CC/MCC",0.8973,2.1,2.6
085,Yes,No,01,MED,"TRAUMATIC STUPOR & COMA, COMA <1 HR W MCC",2.2458,4.6,6.4
086,Yes,No,01,MED,"TRAUMATIC STUPOR & COMA, COMA <1 HR W CC",1.2378,3.1,3.9
087,Yes,No,01,MED,"TRAUMATIC STUPOR & COMA, COMA <1 HR W/O CC/MCC",0.8392,2.0,2.5
088,No,No,01,MED,CONCUSSION W MCC,1.3891,3.5,4.6
089,No,No,01,MED,CONCUSSION W CC,0.9863,2.6,3.2
090,No,No,01,MED,CONCUSSION W/O CC/MCC,0.8483,1.9,2.2
091,Yes,No,01,MED,OTHER DISORDERS OF NERVOUS SYSTEM W MCC,1.5651,4.0,5.5
092,Yes,No,01,MED,OTHER DISORDERS OF NERVOUS SYSTEM W CC,0.9661,3.0,3.9
093,Yes,No,01,MED,OTHER DISORDERS OF NERVOUS SYSTEM W/O CC/MCC,0.7612,2.2,2.8
094,No,No,01,MED,BACTERIAL & TUBERCULOUS INFECTIONS OF NERVOUS SYSTEM W MCC,3.5848,8.0,10.4
095,No,No,01,MED,BACTERIAL & TUBERCULOUS INFECTIONS OF NERVOUS SYSTEM W CC,2.4071,5.7,7.3
096,No,No,01,MED,BACTERIAL & TUBERCULOUS INFECTIONS OF NERVOUS SYSTEM W/O CC/MCC,2.2621,4.7,5.5
097,No,No,01,MED,NON-BACTERIAL INFECT OF NERVOUS SYS EXC VIRAL MENINGITIS W MCC,3.5759,8.3,11.0
098,No,No,01,MED,NON-BACTERIAL INFECT OF NERVOUS SYS EXC VIRAL MENINGITIS W CC,1.9550,5.4,7.1
099,No,No,01,MED,NON-BACTERIAL INFECT OF NERVOUS SYS EXC VIRAL MENINGITIS W/O CC/MCC,1.2824,3.6,4.5
100,Yes,No,01,MED,SEIZURES W MCC,1.8202,4.3,5.9
101,Yes,No,01,MED,SEIZURES W/O MCC,0.8829,2.7,3.4
102,No,No,01,MED,HEADACHES W MCC,1.1926,3.1,4.1
103,No,No,01,MED,HEADACHES W/O MCC,0.7995,2.3,3.0
113,No,No,02,SURG,ORBITAL PROCEDURES W CC/MCC,2.1321,4.2,5.8
114,No,No,02,SURG,ORBITAL PROCEDURES W/O CC/MCC,1.1908,2.2,2.7
115,No,No,02,SURG,EXTRAOCULAR PROCEDURES EXCEPT ORBIT,1.4860,3.6,4.7
116,No,No,02,SURG,INTRAOCULAR PROCEDURES W CC/MCC,1.8910,3.9,6.0
117,No,No,02,SURG,INTRAOCULAR PROCEDURES W/O CC/MCC,1.0967,2.1,2.7
121,No,No,02,MED,ACUTE MAJOR EYE INFECTIONS W CC/MCC,1.2678,4.3,5.7
122,No,No,02,MED,ACUTE MAJOR EYE INFECTIONS W/O CC/MCC,0.7726,3.4,4.3
123,No,No,02,MED,NEUROLOGICAL EYE DISORDERS,0.7808,2.1,2.7
124,No,No,02,MED,OTHER DISORDERS OF THE EYE W MCC,1.3894,3.7,5.2
125,No,No,02,MED,OTHER DISORDERS OF THE EYE W/O MCC,0.7894,2.5,3.2
129,No,No,03,SURG,MAJOR HEAD & NECK PROCEDURES W CC/MCC OR MAJOR DEVICE,2.2893,3.7,5.0
130,No,No,03,SURG,MAJOR HEAD & NECK PROCEDURES W/O CC/MCC,1.4456,2.2,2.8
131,No,No,03,SURG,CRANIAL/FACIAL PROCEDURES W CC/MCC,2.6893,3.9,5.6
132,No,No,03,SURG,CRANIAL/FACIAL PROCEDURES W/O CC/MCC,1.5895,1.9,2.4
133,No,No,03,SURG,"OTHER EAR, NOSE, MOUTH & THROAT O.R. PROCEDURES W CC/MCC",2.1469,3.8,5.8
134,No,No,03,SURG,"OTHER EAR, NOSE, MOUTH & THROAT O.R. PROCEDURES W/O CC/MCC",1.2091,1.9,2.4
135,No,No,03,SURG,SINUS & MASTOID PROCEDURES W CC/MCC,2.2846,4.1,6.1
136,No,No,03,SURG,SINUS & MASTOID PROCEDURES W/O CC/MCC,1.1900,1.8,2.4
137,No,No,03,SURG,MOUTH PROCEDURES W CC/MCC,1.3333,3.6,4.7
138,No,No,03,SURG,MOUTH PROCEDURES W/O CC/MCC,0.8614,2.0,2.6
139,No,No,03,SURG,SALIVARY GLAND PROCEDURES,1.2343,2.3,3.3
146,No,No,03,MED,"EAR, NOSE, MOUTH & THROAT MALIGNANCY W MCC",1.9286,5.4,7.5
147,No,No,03,MED,"EAR, NOSE, MOUTH & THROAT MALIGNANCY W CC",1.2409,3.7,5.1
148,No,No,03,MED,"EAR, NOSE, MOUTH & THROAT MALIGNANCY W/O CC/MCC",0.7604,2.2,2.8
149,No,No,03,MED,DYSEQUILIBRIUM,0.7305,2.0,2.4
150,No,No,03,MED,EPISTAXIS W MCC,1.2915,3.4,4.5
151,No,No,03,MED,EPISTAXIS W/O MCC,0.6991,2.2,2.7
152,No,No,03,MED,OTITIS MEDIA & URI W MCC,1.0390,3.2,4.0
153,No,No,03,MED,OTITIS MEDIA & URI W/O MCC,0.7064,2.4,2.9
154,No,No,03,MED,"OTHER EAR, NOSE, MOUTH & THROAT DIAGNOSES W MCC",1.4370,3.9,5.2
155,No,No,03,MED,"OTHER EAR, NOSE, MOUTH & THROAT DIAGNOSES W CC",0.9011,2.9,3.6
156,No,No,03,MED,"OTHER EAR, NOSE, MOUTH & THROAT DIAGNOSES W/O CC/MCC",0.6545,2.1,2.6
157,No,No,03,MED,DENTAL & ORAL DISEASES W MCC,1.5629,4.3,5.8
158,No,No,03,MED,DENTAL & ORAL DISEASES W CC,0.8666,2.8,3.5
159,No,No,03,MED,DENTAL & ORAL DISEASES W/O CC/MCC,0.6729,2.1,2.6
163,Yes,No,04,SURG,MAJOR CHEST PROCEDURES W MCC,4.8737,9.3,11.7
164,Yes,No,04,SURG,MAJOR CHEST PROCEDURES W CC,2.5316,4.5,5.5
165,Yes,No,04,SURG,MAJOR CHEST PROCEDURES W/O CC/MCC,1.8492,2.7,3.3
166,Yes,No,04,SURG,OTHER RESP SYSTEM O.R. PROCEDURES W MCC,3.7307,7.9,10.2
167,Yes,No,04,SURG,OTHER RESP SYSTEM O.R. PROCEDURES W CC,1.9144,3.9,5.1
168,Yes,No,04,SURG,OTHER RESP SYSTEM O.R. PROCEDURES W/O CC/MCC,1.3267,2.1,2.6
175,Yes,No,04,MED,PULMONARY EMBOLISM W MCC OR ACUTE COR PULMONALE,1.4444,4.1,5.1
176,Yes,No,04,MED,PULMONARY EMBOLISM W/O MCC,0.8484,2.6,3.2
177,Yes,No,04,MED,RESPIRATORY INFECTIONS & INFLAMMATIONS W MCC,1.8912,5.5,6.9
178,Yes,No,04,MED,RESPIRATORY INFECTIONS & INFLAMMATIONS W CC,1.2433,4.2,5.1
179,Yes,No,04,MED,RESPIRATORY INFECTIONS & INFLAMMATIONS W/O CC/MCC,0.8661,3.1,3.8
180,No,No,04,MED,RESPIRATORY NEOPLASMS W MCC,1.7249,4.9,6.4
181,No,No,04,MED,RESPIRATORY NEOPLASMS W CC,1.1520,3.4,4.4
182,No,No,04,MED,RESPIRATORY NEOPLASMS W/O CC/MCC,0.8428,2.3,2.8
183,No,No,04,MED,MAJOR CHEST TRAUMA W MCC,1.5092,4.3,5.4
184,No,No,04,MED,MAJOR CHEST TRAUMA W CC,1.0182,3.1,3.8
185,No,No,04,MED,MAJOR CHEST TRAUMA W/O CC/MCC,0.7340,2.3,2.7
186,Yes,No,04,MED,PLEURAL EFFUSION W MCC,1.5429,4.4,5.7
187,Yes,No,04,MED,PLEURAL EFFUSION W CC,1.0279,3.2,4.0
188,Yes,No,04,MED,PLEURAL EFFUSION W/O CC/MCC,0.7309,2.4,3.0
189,No,No,04,MED,PULMONARY EDEMA & RESPIRATORY FAILURE,1.2157,3.6,4.6
190,Yes,No,04,MED,CHRONIC OBSTRUCTIVE PULMONARY DISEASE W MCC,1.1440,3.6,4.5
191,Yes,No,04,MED,CHRONIC OBSTRUCTIVE PULMONARY DISEASE W CC,0.8928,3.0,3.6
192,Yes,No,04,MED,CHRONIC OBSTRUCTIVE PULMONARY DISEASE W/O CC/MCC,0.7092,2.4,2.9
193,Yes,No,04,MED,SIMPLE PNEUMONIA & PLEURISY W MCC,1.3335,4.2,5.2
194,Yes,No,04,MED,SIMPLE PNEUMONIA & PLEURISY W CC,0.8886,3.2,3.8
195,Yes,No,04,MED,SIMPLE PNEUMONIA & PLEURISY W/O CC/MCC,0.6821,2.6,3.0
196,Yes,No,04,MED,INTERSTITIAL LUNG DISEASE W MCC,1.6754,4.8,6.2
197,Yes,No,04,MED,INTERSTITIAL LUNG DISEASE W CC,1.0215,3.2,4.0
198,Yes,No,04,MED,INTERSTITIAL LUNG DISEASE W/O CC/MCC,0.7550,2.4,2.9
199,No,No,04,MED,PNEUMOTHORAX W MCC,1.7941,5.2,6.7
200,No,No,04,MED,PNEUMOTHORAX W CC,1.0821,3.3,4.2
201,No,No,04,MED,PNEUMOTHORAX W/O CC/MCC,0.7180,2.4,3.0
202,No,No,04,MED,BRONCHITIS & ASTHMA W CC/MCC,0.9480,3.0,3.7
203,No,No,04,MED,BRONCHITIS & ASTHMA W/O CC/MCC,0.6938,2.3,2.8
204,No,No,04,MED,RESPIRATORY SIGNS & SYMPTOMS,0.8125,2.2,2.8
205,Yes,No,04,MED,OTHER RESPIRATORY SYSTEM DIAGNOSES W MCC,1.6342,4.1,5.6
206,Yes,No,04,MED,OTHER RESPIRATORY SYSTEM DIAGNOSES W/O MCC,0.8725,2.4,3.1
207,Yes,No,04,MED,RESPIRATORY SYSTEM DIAGNOSIS W VENTILATOR SUPPORT >96 HOURS,5.7356,12.0,14.1
208,No,No,04,MED,RESPIRATORY SYSTEM DIAGNOSIS W VENTILATOR SUPPORT <=96 HOURS,2.4841,4.9,6.8
215,No,No,05,SURG,OTHER HEART ASSIST SYSTEM IMPLANT,12.8861,4.9,8.0
216,Yes,Yes,05,SURG,CARDIAC VALVE & OTH MAJ CARDIOTHORACIC PROC W CARD CATH W MCC,10.0424,13.7,16.0
217,Yes,Yes,05,SURG,CARDIAC VALVE & OTH MAJ CARDIOTHORACIC PROC W CARD CATH W CC,6.6516,8.5,9.5
218,Yes,Yes,05,SURG,CARDIAC VALVE & OTH MAJ CARDIOTHORACIC PROC W CARD CATH W/O CC/MCC,5.4014,5.9,6.9
219,Yes,Yes,05,SURG,CARDIAC VALVE & OTH MAJ CARDIOTHORACIC PROC W/O CARD CATH W MCC,7.8401,9.0,10.9
220,Yes,Yes,05,SURG,CARDIAC VALVE & OTH MAJ CARDIOTHORACIC PROC W/O CARD CATH W CC,5.3059,6.0,6.6
221,Yes,Yes,05,SURG,CARDIAC VALVE & OTH MAJ CARDIOTHORACIC PROC W/O CARD CATH W/O CC/MCC,4.5962,4.1,4.7
222,No,No,05,SURG,CARDIAC DEFIB IMPLANT W CARDIAC CATH W AMI/HF/SHOCK W MCC,8.3446,9.6,11.6
223,No,No,05,SURG,CARDIAC DEFIB IMPLANT W CARDIAC CATH W AMI/HF/SHOCK W/O MCC,6.0029,5.0,6.1
224,No,No,05,SURG,CARDIAC DEFIB IMPLANT W CARDIAC CATH W/O AMI/HF/SHOCK W MCC,7.3962,7.4,9.2
225,No,No,05,SURG,CARDIAC DEFIB IMPLANT W CARDIAC CATH W/O AMI/HF/SHOCK W/O MCC,5.6488,4.0,4.7
226,No,No,05,SURG,CARDIAC DEFIBRILLATOR IMPLANT W/O CARDIAC CATH W MCC,6.6877,6.3,8.2
227,No,No,05,SURG,CARDIAC DEFIBRILLATOR IMPLANT W/O CARDIAC CATH W/O MCC,5.2292,3.2,4.2
228,No,No,05,SURG,OTHER CARDIOTHORACIC PROCEDURES W MCC,6.2863,8.4,10.8
229,No,No,05,SURG,OTHER CARDIOTHORACIC PROCEDURES W/O MCC,4.1049,4.2,5.5
231,No,No,05,SURG,CORONARY BYPASS W PTCA W MCC,8.2115,10.4,12.0
232,No,No,05,SURG,CORONARY BYPASS W PTCA W/O MCC,5.9865,8.0,8.7
233,Yes,No,05,SURG,CORONARY BYPASS W CARDIAC CATH W MCC,7.7689,11.5,12.8
234,Yes,No,05,SURG,CORONARY BYPASS W CARDIAC CATH W/O MCC,5.2063,8.1,8.6
235,Yes,No,05,SURG,CORONARY BYPASS W/O CARDIAC CATH W MCC,5.8846,8.6,9.8
236,Yes,No,05,SURG,CORONARY BYPASS W/O CARDIAC CATH W/O MCC,4.0291,6.0,6.4
239,Yes,No,05,SURG,AMPUTATION FOR CIRC SYS DISORDERS EXC UPPER LIMB & TOE W MCC,4.6697,10.1,12.7
240,Yes,No,05,SURG,AMPUTATION FOR CIRC SYS DISORDERS EXC UPPER LIMB & TOE W CC,2.7600,6.9,8.4
241,Yes,No,05,SURG,AMPUTATION FOR CIRC SYS DISORDERS EXC UPPER LIMB & TOE W/O CC/MCC,1.5163,4.3,5.3
242,Yes,No,05,SURG,PERMANENT CARDIAC PACEMAKER IMPLANT W MCC,3.7111,5.3,6.8
243,Yes,No,05,SURG,PERMANENT CARDIAC PACEMAKER IMPLANT W CC,2.5294,3.2,3.9
244,Yes,No,05,SURG,PERMANENT CARDIAC PACEMAKER IMPLANT W/O CC/MCC,2.0754,2.3,2.6
245,No,No,05,SURG,AICD GENERATOR PROCEDURES,5.2078,4.5,6.5
246,No,No,05,SURG,PERCUTANEOUS CARDIOVASCULAR PROCEDURES W DRUG-ELUTING STENT W MCC OR 4+ ARTERIES OR STENTS,3.1728,4.0,5.3
247,No,No,05,SURG,PERC CARDIOVASC PROC W DRUG-ELUTING STENT W/O MCC,2.0347,2.1,2.5
248,No,No,05,SURG,PERCUTANEOUS CARDIOVASCULAR PROCEDURES W NON-DRUG-ELUTING STENT W MCC OR 4+ ARTERIES OR STENTS,3.0965,4.5,6.0
249,No,No,05,SURG,PERC CARDIOVASC PROC W NON-DRUG-ELUTING STENT W/O MCC,1.9166,2.4,2.9
250,No,No,05,SURG,PERC CARDIOVASC PROC W/O CORONARY ARTERY STENT W MCC,2.5501,3.7,5.0
251,No,No,05,SURG,PERC CARDIOVASC PROC W/O CORONARY ARTERY STENT W/O MCC,1.6830,2.2,2.6
252,No,No,05,SURG,OTHER VASCULAR PROCEDURES W MCC,3.2804,5.2,7.5
253,No,No,05,SURG,OTHER VASCULAR PROCEDURES W CC,2.6066,4.1,5.4
254,No,No,05,SURG,OTHER VASCULAR PROCEDURES W/O CC/MCC,1.8201,2.2,2.7
255,Yes,No,05,SURG,UPPER LIMB & TOE AMPUTATION FOR CIRC SYSTEM DISORDERS W MCC,2.6496,6.5,8.3
256,Yes,No,05,SURG,UPPER LIMB & TOE AMPUTATION FOR CIRC SYSTEM DISORDERS W CC,1.7165,5.1,6.1
257,Yes,No,05,SURG,UPPER LIMB & TOE AMPUTATION FOR CIRC SYSTEM DISORDERS W/O CC/MCC,1.1344,3.6,4.6
258,No,No,05,SURG,CARDIAC PACEMAKER DEVICE REPLACEMENT W MCC,3.0587,4.9,6.3
259,No,No,05,SURG,CARDIAC PACEMAKER DEVICE REPLACEMENT W/O MCC,2.0826,2.7,3.3
260,No,No,05,SURG,CARDIAC PACEMAKER REVISION EXCEPT DEVICE REPLACEMENT W MCC,3.6996,6.6,9.2
261,No,No,05,SURG,CARDIAC PACEMAKER REVISION EXCEPT DEVICE REPLACEMENT W CC,1.9485,3.2,4.0
262,No,No,05,SURG,CARDIAC PACEMAKER REVISION EXCEPT DEVICE REPLACEMENT W/O CC/MCC,1.6776,2.2,2.6
263,No,No,05,SURG,VEIN LIGATION & STRIPPING,2.3591,4.3,6.2
264,Yes,No,05,SURG,OTHER CIRCULATORY SYSTEM O.R. PROCEDURES,3.2380,6.5,9.2
265,No,No,05,SURG,AICD LEAD PROCEDURES,3.1213,3.8,5.4
266,Yes,Yes,05,SURG,ENDOVASCULAR CARDIAC VALVE REPLACEMENT & SUPPLEMENT PROCEDURES W MCC,7.1214,3.5,5.7
267,Yes,Yes,05,SURG,ENDOVASCULAR CARDIAC VALVE REPLACEMENT & SUPPLEMENT PROCEDURES W/O MCC,5.6756,1.9,2.4
268,No,No,05,SURG,AORTIC AND HEART ASSIST PROCEDURES EXCEPT PULSATION BALLOON W MCC,6.7826,6.3,9.3
269,No,No,05,SURG,AORTIC AND HEART ASSIST PROCEDURES EXCEPT PULSATION BALLOON W/O MCC,4.2664,1.7,2.3
270,No,No,05,SURG,OTHER MAJOR CARDIOVASCULAR PROCEDURES W MCC,5.1102,6.6,9.5
271,No,No,05,SURG,OTHER MAJOR CARDIOVASCULAR PROCEDURES W CC,3.5480,4.3,5.7
272,No,No,05,SURG,OTHER MAJOR CARDIOVASCULAR PROCEDURES W/O CC/MCC,2.6013,2.1,2.6
273,No,No,05,SURG,PERCUTANEOUS INTRACARDIAC PROCEDURES W MCC,3.7103,4.5,6.2
274,No,No,05,SURG,PERCUTANEOUS INTRACARDIAC PROCEDURES W/O MCC,3.1598,1.7,2.3
280,Yes,No,05,MED,"ACUTE MYOCARDIAL INFARCTION, DISCHARGED ALIVE W MCC",1.6309,4.2,5.4
281,Yes,No,05,MED,"ACUTE MYOCARDIAL INFARCTION, DISCHARGED ALIVE W CC",0.9687,2.6,3.2
282,Yes,No,05,MED,"ACUTE MYOCARDIAL INFARCTION, DISCHARGED ALIVE W/O CC/MCC",0.7379,1.8,2.1
283,No,No,05,MED,"ACUTE MYOCARDIAL INFARCTION, EXPIRED W MCC",1.7997,2.9,4.6
284,No,No,05,MED,"ACUTE MYOCARDIAL INFARCTION, EXPIRED W CC",0.7253,1.6,2.1
285,No,No,05,MED,"ACUTE MYOCARDIAL INFARCTION, EXPIRED W/O CC/MCC",0.5178,1.2,1.3
286,No,No,05,MED,"CIRCULATORY DISORDERS EXCEPT AMI, W CARD CATH W MCC",2.1974,5.2,6.9
287,No,No,05,MED,"CIRCULATORY DISORDERS EXCEPT AMI, W CARD CATH W/O MCC",1.1522,2.3,3.0
288,Yes,No,05,MED,ACUTE & SUBACUTE ENDOCARDITIS W MCC,2.6574,7.2,9.4
289,Yes,No,05,MED,ACUTE & SUBACUTE ENDOCARDITIS W CC,1.6638,5.4,6.8
290,Yes,No,05,MED,ACUTE & SUBACUTE ENDOCARDITIS W/O CC/MCC,1.0006,3.2,4.0
291,Yes,No,05,MED,HEART FAILURE & SHOCK W MCC,1.3458,4.1,5.1
292,Yes,No,05,MED,HEART FAILURE & SHOCK W CC,0.9055,3.2,3.9
293,Yes,No,05,MED,HEART FAILURE & SHOCK W/O CC/MCC,0.6553,2.3,2.8
294,No,No,05,MED,DEEP VEIN THROMBOPHLEBITIS W CC/MCC,1.2719,4.0,5.0
295,No,No,05,MED,DEEP VEIN THROMBOPHLEBITIS W/O CC/MCC,0.5770,2.8,3.3
296,No,No,05,MED,"CARDIAC ARREST, UNEXPLAINED W MCC",1.5704,2.0,3.2
297,No,No,05,MED,"CARDIAC ARREST, UNEXPLAINED W CC",0.7230,1.3,1.7
298,No,No,05,MED,"CARDIAC ARREST, UNEXPLAINED W/O CC/MCC",0.5032,1.1,1.2
299,Yes,No,05,MED,PERIPHERAL VASCULAR DISORDERS W MCC,1.4497,3.8,5.1
300,Yes,No,05,MED,PERIPHERAL VASCULAR DISORDERS W CC,1.0276,3.1,4.0
301,Yes,No,05,MED,PERIPHERAL VASCULAR DISORDERS W/O CC/MCC,0.7258,2.2,2.7
302,No,No,05,MED,ATHEROSCLEROSIS W MCC,1.1023,2.7,3.7
303,No,No,05,MED,ATHEROSCLEROSIS W/O MCC,0.6757,1.9,2.3
304,No,No,05,MED,HYPERTENSION W MCC,1.0915,2.9,3.8
305,No,No,05,MED,HYPERTENSION W/O MCC,0.7315,2.2,2.7
306,No,No,05,MED,CARDIAC CONGENITAL & VALVULAR DISORDERS W MCC,1.4145,3.7,5.1
307,No,No,05,MED,CARDIAC CONGENITAL & VALVULAR DISORDERS W/O MCC,0.8822,2.4,3.1
308,No,No,05,MED,CARDIAC ARRHYTHMIA & CONDUCTION DISORDERS W MCC,1.1877,3.5,4.5
309,No,No,05,MED,CARDIAC ARRHYTHMIA & CONDUCTION DISORDERS W CC,0.7563,2.4,2.9
310,No,No,05,MED,CARDIAC ARRHYTHMIA & CONDUCTION DISORDERS W/O CC/MCC,0.5593,1.9,2.2
311,No,No,05,MED,ANGINA PECTORIS,0.6850,1.9,2.4
312,No,No,05,MED,SYNCOPE & COLLAPSE,0.8166,2.3,2.9
313,No,No,05,MED,CHEST PAIN,0.7153,1.7,2.1
314,Yes,No,05,MED,OTHER CIRCULATORY SYSTEM DIAGNOSES W MCC,2.0295,4.7,6.5
315,Yes,No,05,MED,OTHER CIRCULATORY SYSTEM DIAGNOSES W CC,0.9704,2.8,3.5
316,Yes,No,05,MED,OTHER CIRCULATORY SYSTEM DIAGNOSES W/O CC/MCC,0.7422,1.9,2.3
319,No,No,05,SURG,OTHER ENDOVASCULAR CARDIAC VALVE PROCEDURES W MCC,4.1007,7.5,10.1
320,No,No,05,SURG,OTHER ENDOVASCULAR CARDIAC VALVE PROCEDURES W/O MCC,2.3477,2.7,3.9
326,Yes,No,06,SURG,"STOMACH, ESOPHAGEAL & DUODENAL PROC W MCC",5.2705,9.8,13.2
327,Yes,No,06,SURG,"STOMACH, ESOPHAGEAL & DUODENAL PROC W CC",2.5729,4.7,6.5
328,Yes,No,06,SURG,"STOMACH, ESOPHAGEAL & DUODENAL PROC W/O CC/MCC",1.5750,2.2,2.9
329,Yes,No,06,SURG,MAJOR SMALL & LARGE BOWEL PROCEDURES W MCC,4.9072,10.4,13.1
330,Yes,No,06,SURG,MAJOR SMALL & LARGE BOWEL PROCEDURES W CC,2.5268,5.9,7.1
331,Yes,No,06,SURG,MAJOR SMALL & LARGE BOWEL PROCEDURES W/O CC/MCC,1.6892,3.5,4.0
332,Yes,No,06,SURG,RECTAL RESECTION W MCC,3.4919,6.4,8.8
333,Yes,No,06,SURG,RECTAL RESECTION W CC,2.2632,4.2,5.6
334,Yes,No,06,SURG,RECTAL RESECTION W/O CC/MCC,1.5403,2.7,3.2
335,Yes,No,06,SURG,PERITONEAL ADHESIOLYSIS W MCC,4.0451,9.6,11.8
336,Yes,No,06,SURG,PERITONEAL ADHESIOLYSIS W CC,2.2662,6.0,7.4
337,Yes,No,06,SURG,PERITONEAL ADHESIOLYSIS W/O CC/MCC,1.6397,3.8,4.7
338,No,No,06,SURG,APPENDECTOMY W COMPLICATED PRINCIPAL DIAG W MCC,2.9101,6.6,8.2
339,No,No,06,SURG,APPENDECTOMY W COMPLICATED PRINCIPAL DIAG W CC,1.7161,4.2,5.2
340,No,No,06,SURG,APPENDECTOMY W COMPLICATED PRINCIPAL DIAG W/O CC/MCC,1.2375,2.3,3.1
341,No,No,06,SURG,APPENDECTOMY W/O COMPLICATED PRINCIPAL DIAG W MCC,2.5581,5.3,7.0
342,No,No,06,SURG,APPENDECTOMY W/O COMPLICATED PRINCIPAL DIAG W CC,1.6103,3.4,4.3
343,No,No,06,SURG,APPENDECTOMY W/O COMPLICATED PRINCIPAL DIAG W/O CC/MCC,1.1516,2.0,2.4
344,No,No,06,SURG,MINOR SMALL & LARGE BOWEL PROCEDURES W MCC,2.9951,7.1,9.4
345,No,No,06,SURG,MINOR SMALL & LARGE BOWEL PROCEDURES W CC,1.6333,4.5,5.6
346,No,No,06,SURG,MINOR SMALL & LARGE BOWEL PROCEDURES W/O CC/MCC,1.2827,3.1,3.7
347,No,No,06,SURG,ANAL & STOMAL PROCEDURES W MCC,2.6364,5.6,7.6
348,No,No,06,SURG,ANAL & STOMAL PROCEDURES W CC,1.4093,3.5,4.4
349,No,No,06,SURG,ANAL & STOMAL PROCEDURES W/O CC/MCC,0.9809,2.0,2.4
350,No,No,06,SURG,INGUINAL & FEMORAL HERNIA PROCEDURES W MCC,2.4393,5.3,6.8
351,No,No,06,SURG,INGUINAL & FEMORAL HERNIA PROCEDURES W CC,1.4583,3.2,4.0
352,No,No,06,SURG,INGUINAL & FEMORAL HERNIA PROCEDURES W/O CC/MCC,1.0768,2.0,2.4
353,No,No,06,SURG,HERNIA PROCEDURES EXCEPT INGUINAL & FEMORAL W MCC,2.9669,5.8,7.7
354,No,No,06,SURG,HERNIA PROCEDURES EXCEPT INGUINAL & FEMORAL W CC,1.7221,3.7,4.5
355,No,No,06,SURG,HERNIA PROCEDURES EXCEPT INGUINAL & FEMORAL W/O CC/MCC,1.3724,2.5,2.9
356,Yes,No,06,SURG,OTHER DIGESTIVE SYSTEM O.R. PROCEDURES W MCC,4.0772,7.6,10.1
357,Yes,No,06,SURG,OTHER DIGESTIVE SYSTEM O.R. PROCEDURES W CC,2.2504,4.7,5.9
358,Yes,No,06,SURG,OTHER DIGESTIVE SYSTEM O.R. PROCEDURES W/O CC/MCC,1.3717,2.8,3.5
368,No,No,06,MED,MAJOR ESOPHAGEAL DISORDERS W MCC,1.9036,4.6,6.0
369,No,No,06,MED,MAJOR ESOPHAGEAL DISORDERS W CC,1.0631,3.1,3.7
370,No,No,06,MED,MAJOR ESOPHAGEAL DISORDERS W/O CC/MCC,0.7473,2.1,2.6
371,Yes,No,06,MED,MAJOR GASTROINTESTINAL DISORDERS & PERITONEAL INFECTIONS W MCC,1.7255,5.3,6.9
372,Yes,No,06,MED,MAJOR GASTROINTESTINAL DISORDERS & PERITONEAL INFECTIONS W CC,1.0225,3.9,4.8
373,Yes,No,06,MED,MAJOR GASTROINTESTINAL DISORDERS & PERITONEAL INFECTIONS W/O CC/MCC,0.7418,3.0,3.5
374,Yes,No,06,MED,DIGESTIVE MALIGNANCY W MCC,1.9975,5.4,7.2
375,Yes,No,06,MED,DIGESTIVE MALIGNANCY W CC,1.2073,3.6,4.6
376,Yes,No,06,MED,DIGESTIVE MALIGNANCY W/O CC/MCC,1.0013,2.4,3.0
377,Yes,No,06,MED,G.I. HEMORRHAGE W MCC,1.7699,4.4,5.6
378,Yes,No,06,MED,G.I. HEMORRHAGE W CC,0.9881,3.0,3.5
379,Yes,No,06,MED,G.I. HEMORRHAGE W/O CC/MCC,0.6457,2.1,2.4
380,Yes,No,06,MED,COMPLICATED PEPTIC ULCER W MCC,1.8876,4.9,6.3
381,Yes,No,06,MED,COMPLICATED PEPTIC ULCER W CC,1.0767,3.2,3.9
382,Yes,No,06,MED,COMPLICATED PEPTIC ULCER W/O CC/MCC,0.7914,2.4,2.9
383,No,No,06,MED,UNCOMPLICATED PEPTIC ULCER W MCC,1.3263,3.9,4.9
384,No,No,06,MED,UNCOMPLICATED PEPTIC ULCER W/O MCC,0.8702,2.7,3.2
385,No,No,06,MED,INFLAMMATORY BOWEL DISEASE W MCC,1.6103,5.1,6.7
386,No,No,06,MED,INFLAMMATORY BOWEL DISEASE W CC,0.9852,3.5,4.3
387,No,No,06,MED,INFLAMMATORY BOWEL DISEASE W/O CC/MCC,0.7007,2.7,3.2
388,Yes,No,06,MED,G.I. OBSTRUCTION W MCC,1.5251,4.8,6.2
389,Yes,No,06,MED,G.I. OBSTRUCTION W CC,0.8397,3.2,3.9
390,Yes,No,06,MED,G.I. OBSTRUCTION W/O CC/MCC,0.5796,2.4,2.9
391,No,No,06,MED,"ESOPHAGITIS, GASTROENT & MISC DIGEST DISORDERS W MCC",1.2350,3.7,4.9
392,No,No,06,MED,"ESOPHAGITIS, GASTROENT & MISC DIGEST DISORDERS W/O MCC",0.7615,2.6,3.2
393,No,No,06,MED,OTHER DIGESTIVE SYSTEM DIAGNOSES W MCC,1.6245,4.3,5.9
394,No,No,06,MED,OTHER DIGESTIVE SYSTEM DIAGNOSES W CC,0.9381,3.0,3.8
395,No,No,06,MED,OTHER DIGESTIVE SYSTEM DIAGNOSES W/O CC/MCC,0.6544,2.2,2.7
405,Yes,No,07,SURG,"PANCREAS, LIVER & SHUNT PROCEDURES W MCC",5.4272,9.4,12.6
406,Yes,No,07,SURG,"PANCREAS, LIVER & SHUNT PROCEDURES W CC",2.7909,5.2,6.5
407,Yes,No,07,SURG,"PANCREAS, LIVER & SHUNT PROCEDURES W/O CC/MCC",2.0863,3.8,4.5
408,No,No,07,SURG,BILIARY TRACT PROC EXCEPT ONLY CHOLECYST W OR W/O C.D.E. W MCC,3.5636,8.1,10.6
409,No,No,07,SURG,BILIARY TRACT PROC EXCEPT ONLY CHOLECYST W OR W/O C.D.E. W CC,2.3938,5.4,6.6
410,No,No,07,SURG,BILIARY TRACT PROC EXCEPT ONLY CHOLECYST W OR W/O C.D.E. W/O CC/MCC,1.6600,3.7,4.4
411,No,No,07,SURG,CHOLECYSTECTOMY W C.D.E. W MCC,3.8304,8.5,10.5
412,No,No,07,SURG,CHOLECYSTECTOMY W C.D.E. W CC,2.3770,5.3,6.4
413,No,No,07,SURG,CHOLECYSTECTOMY W C.D.E. W/O CC/MCC,1.6173,3.2,4.0
414,Yes,No,07,SURG,CHOLECYSTECTOMY EXCEPT BY LAPAROSCOPE W/O C.D.E. W MCC,3.4164,7.6,9.4
415,Yes,No,07,SURG,CHOLECYSTECTOMY EXCEPT BY LAPAROSCOPE W/O C.D.E. W CC,2.0517,5.0,5.9
416,Yes,No,07,SURG,CHOLECYSTECTOMY EXCEPT BY LAPAROSCOPE W/O C.D.E. W/O CC/MCC,1.3503,3.1,3.6
417,No,No,07,SURG,LAPAROSCOPIC CHOLECYSTECTOMY W/O C.D.E. W MCC,2.4107,5.2,6.5
418,No,No,07,SURG,LAPAROSCOPIC CHOLECYSTECTOMY W/O C.D.E. W CC,1.6689,3.6,4.3
419,No,No,07,SURG,LAPAROSCOPIC CHOLECYSTECTOMY W/O C.D.E. W/O CC/MCC,1.3068,2.4,2.8
420,No,No,07,SURG,HEPATOBILIARY DIAGNOSTIC PROCEDURES W MCC,3.4348,7.4,10.1
421,No,No,07,SURG,HEPATOBILIARY DIAGNOSTIC PROCEDURES W CC,1.8412,4.0,5.1
422,No,No,07,SURG,HEPATOBILIARY DIAGNOSTIC PROCEDURES W/O CC/MCC,1.4045,2.7,3.4
423,No,No,07,SURG,OTHER HEPATOBILIARY OR PANCREAS O.R. PROCEDURES W MCC,4.2382,8.9,12.4
424,No,No,07,SURG,OTHER HEPATOBILIARY OR PANCREAS O.R. PROCEDURES W CC,2.2514,5.5,7.1
425,No,No,07,SURG,OTHER HEPATOBILIARY OR PANCREAS O.R. PROCEDURES W/O CC/MCC,1.4615,3.1,3.7
432,No,No,07,MED,CIRRHOSIS & ALCOHOLIC HEPATITIS W MCC,1.8234,4.7,6.3
433,No,No,07,MED,CIRRHOSIS & ALCOHOLIC HEPATITIS W CC,1.0320,3.3,4.2
434,No,No,07,MED,CIRRHOSIS & ALCOHOLIC HEPATITIS W/O CC/MCC,0.6399,2.3,2.8
435,No,No,07,MED,MALIGNANCY OF HEPATOBILIARY SYSTEM OR PANCREAS W MCC,1.6971,4.7,6.1
436,No,No,07,MED,MALIGNANCY OF HEPATOBILIARY SYSTEM OR PANCREAS W CC,1.1257,3.4,4.5
437,No,No,07,MED,MALIGNANCY OF HEPATOBILIARY SYSTEM OR PANCREAS W/O CC/MCC,0.8779,2.4,3.0
438,No,No,07,MED,DISORDERS OF PANCREAS EXCEPT MALIGNANCY W MCC,1.6383,4.6,6.2
439,No,No,07,MED,DISORDERS OF PANCREAS EXCEPT MALIGNANCY W CC,0.8472,3.1,3.8
440,No,No,07,MED,DISORDERS OF PANCREAS EXCEPT MALIGNANCY W/O CC/MCC,0.6156,2.4,2.8
441,Yes,No,07,MED,"DISORDERS OF LIVER EXCEPT MALIG, CIRR, ALC HEPA W MCC",1.8505,4.7,6.4
442,Yes,No,07,MED,"DISORDERS OF LIVER EXCEPT MALIG, CIRR, ALC HEPA W CC",0.9334,3.2,4.0
443,Yes,No,07,MED,"DISORDERS OF LIVER EXCEPT MALIG, CIRR, ALC HEPA W/O CC/MCC",0.6803,2.5,3.0
444,No,No,07,MED,DISORDERS OF THE BILIARY TRACT W MCC,1.6261,4.4,5.7
445,No,No,07,MED,DISORDERS OF THE BILIARY TRACT W CC,1.0745,3.1,3.8
446,No,No,07,MED,DISORDERS OF THE BILIARY TRACT W/O CC/MCC,0.8127,2.3,2.7
453,No,No,08,SURG,COMBINED ANTERIOR/POSTERIOR SPINAL FUSION W MCC,9.4070,7.7,9.6
454,No,No,08,SURG,COMBINED ANTERIOR/POSTERIOR SPINAL FUSION W CC,6.1250,3.9,4.6
455,No,No,08,SURG,COMBINED ANTERIOR/POSTERIOR SPINAL FUSION W/O CC/MCC,4.8133,2.5,2.9
456,No,No,08,SURG,SPINAL FUS EXC CERV W SPINAL CURV/MALIG/INFEC OR EXT FUS W MCC,9.0812,9.7,12.1
457,No,No,08,SURG,SPINAL FUS EXC CERV W SPINAL CURV/MALIG/INFEC OR EXT FUS W CC,6.5133,5.3,6.2
458,No,No,08,SURG,SPINAL FUS EXC CERV W SPINAL CURV/MALIG/INFEC OR EXT FUS W/O CC/MCC,4.6939,2.9,3.4
459,Yes,No,08,SURG,SPINAL FUSION EXCEPT CERVICAL W MCC,6.8520,6.9,8.6
460,Yes,No,08,SURG,SPINAL FUSION EXCEPT CERVICAL W/O MCC,3.9604,2.8,3.3
461,No,No,08,SURG,BILATERAL OR MULTIPLE MAJOR JOINT PROCS OF LOWER EXTREMITY W MCC,5.3788,6.1,7.6
462,No,No,08,SURG,BILATERAL OR MULTIPLE MAJOR JOINT PROCS OF LOWER EXTREMITY W/O MCC,3.1364,2.7,3.0
463,Yes,No,08,SURG,"WND DEBRID & SKN GRFT EXC HAND, FOR MUSCULO-CONN TISS DIS W MCC",5.2278,9.7,13.0
464,Yes,No,08,SURG,"WND DEBRID & SKN GRFT EXC HAND, FOR MUSCULO-CONN TISS DIS W CC",2.9527,5.3,6.9
465,Yes,No,08,SURG,"WND DEBRID & SKN GRFT EXC HAND, FOR MUSCULO-CONN TISS DIS W/O CC/MCC",1.9152,2.7,3.5
466,Yes,No,08,SURG,REVISION OF HIP OR KNEE REPLACEMENT W MCC,5.0991,6.4,8.1
467,Yes,No,08,SURG,REVISION OF HIP OR KNEE REPLACEMENT W CC,3.5121,3.3,4.0
468,Yes,No,08,SURG,REVISION OF HIP OR KNEE REPLACEMENT W/O CC/MCC,2.8121,2.0,2.3
469,Yes,No,08,SURG,MAJOR HIP AND KNEE JOINT REPLACEMENT OR REATTACHMENT OF LOWER EXTREMITY W MCC OR TOTAL ANKLE REPLACEMENT,3.1399,4.7,6.0
470,Yes,No,08,SURG,MAJOR HIP AND KNEE JOINT REPLACEMENT OR REATTACHMENT OF LOWER EXTREMITY W/O MCC,1.9684,2.1,2.4
471,No,No,08,SURG,CERVICAL SPINAL FUSION W MCC,4.9944,6.4,8.6
472,No,No,08,SURG,CERVICAL SPINAL FUSION W CC,3.0415,2.5,3.4
473,No,No,08,SURG,CERVICAL SPINAL FUSION W/O CC/MCC,2.5124,1.6,2.0
474,Yes,No,08,SURG,AMPUTATION FOR MUSCULOSKELETAL SYS & CONN TISSUE DIS W MCC,3.8749,8.9,11.3
475,Yes,No,08,SURG,AMPUTATION FOR MUSCULOSKELETAL SYS & CONN TISSUE DIS W CC,2.1010,5.6,7.0
476,Yes,No,08,SURG,AMPUTATION FOR MUSCULOSKELETAL SYS & CONN TISSUE DIS W/O CC/MCC,1.1647,2.9,3.6
477,Yes,Yes,08,SURG,BIOPSIES OF MUSCULOSKELETAL SYSTEM & CONNECTIVE TISSUE W MCC,3.2553,8.2,10.3
478,Yes,Yes,08,SURG,BIOPSIES OF MUSCULOSKELETAL SYSTEM & CONNECTIVE TISSUE W CC,2.3171,5.3,6.5
479,Yes,Yes,08,SURG,BIOPSIES OF MUSCULOSKELETAL SYSTEM & CONNECTIVE TISSUE W/O CC/MCC,1.7822,3.4,4.2
480,Yes,Yes,08,SURG,HIP & FEMUR PROCEDURES EXCEPT MAJOR JOINT W MCC,3.0185,6.2,7.3
481,Yes,Yes,08,SURG,HIP & FEMUR PROCEDURES EXCEPT MAJOR JOINT W CC,2.0878,4.4,4.8
482,Yes,Yes,08,SURG,HIP & FEMUR PROCEDURES EXCEPT MAJOR JOINT W/O CC/MCC,1.6453,3.3,3.6
483,No,No,08,SURG,MAJOR JOINT/LIMB REATTACHMENT PROCEDURE OF UPPER EXTREMITIES,2.3921,1.5,1.8
485,No,No,08,SURG,KNEE PROCEDURES W PDX OF INFECTION W MCC,3.2790,8.0,9.7
486,No,No,08,SURG,KNEE PROCEDURES W PDX OF INFECTION W CC,2.1506,5.1,6.0
487,No,No,08,SURG,KNEE PROCEDURES W PDX OF INFECTION W/O CC/MCC,1.6072,3.7,4.2
488,Yes,No,08,SURG,KNEE PROCEDURES W/O PDX OF INFECTION W CC/MCC,1.9692,3.2,4.3
489,Yes,No,08,SURG,KNEE PROCEDURES W/O PDX OF INFECTION W/O CC/MCC,1.2590,1.8,2.2
492,Yes,Yes,08,SURG,"LOWER EXTREM & HUMER PROC EXCEPT HIP, FOOT, FEMUR W MCC",3.4453,6.2,7.7
493,Yes,Yes,08,SURG,"LOWER EXTREM & HUMER PROC EXCEPT HIP, FOOT, FEMUR W CC",2.3020,4.0,4.8
494,Yes,Yes,08,SURG,"LOWER EXTREM & HUMER PROC EXCEPT HIP, FOOT, FEMUR W/O CC/MCC",1.8114,2.7,3.2
495,Yes,Yes,08,SURG,LOCAL EXCISION & REMOVAL INT FIX DEVICES EXC HIP & FEMUR W MCC,3.4326,6.6,8.8
496,Yes,Yes,08,SURG,LOCAL EXCISION & REMOVAL INT FIX DEVICES EXC HIP & FEMUR W CC,2.0405,3.6,4.8
497,Yes,Yes,08,SURG,LOCAL EXCISION & REMOVAL INT FIX DEVICES EXC HIP & FEMUR W/O CC/MCC,1.4693,1.9,2.4
498,No,No,08,SURG,LOCAL EXCISION & REMOVAL INT FIX DEVICES OF HIP & FEMUR W CC/MCC,2.4481,5.5,7.2
499,No,No,08,SURG,LOCAL EXCISION & REMOVAL INT FIX DEVICES OF HIP & FEMUR W/O CC/MCC,1.1509,2.1,2.6
500,Yes,Yes,08,SURG,SOFT TISSUE PROCEDURES W MCC,3.0152,7.2,9.5
501,Yes,Yes,08,SURG,SOFT TISSUE PROCEDURES W CC,1.6780,4.1,5.1
502,Yes,Yes,08,SURG,SOFT TISSUE PROCEDURES W/O CC/MCC,1.3207,2.4,2.9
503,No,No,08,SURG,FOOT PROCEDURES W MCC,2.7166,6.7,8.3
504,No,No,08,SURG,FOOT PROCEDURES W CC,1.7365,4.7,5.6
505,No,No,08,SURG,FOOT PROCEDURES W/O CC/MCC,1.6815,2.8,3.3
506,No,No,08,SURG,MAJOR THUMB OR JOINT PROCEDURES,1.3386,3.6,4.5
507,No,No,08,SURG,MAJOR SHOULDER OR ELBOW JOINT PROCEDURES W CC/MCC,2.1000,4.6,6.0
508,No,No,08,SURG,MAJOR SHOULDER OR ELBOW JOINT PROCEDURES W/O CC/MCC,1.5584,2.3,2.8
509,No,No,08,SURG,ARTHROSCOPY,1.3917,3.8,4.7
510,Yes,No,08,SURG,"SHOULDER, ELBOW OR FOREARM PROC, EXC MAJOR JOINT PROC W MCC",2.7880,5.0,6.3
511,Yes,No,08,SURG,"SHOULDER, ELBOW OR FOREARM PROC, EXC MAJOR JOINT PROC W CC",1.8842,3.3,3.9
512,Yes,No,08,SURG,"SHOULDER, ELBOW OR FOREARM PROC, EXC MAJOR JOINT PROC W/O CC/MCC",1.5138,2.2,2.5
513,No,No,08,SURG,"HAND OR WRIST PROC, EXCEPT MAJOR THUMB OR JOINT PROC W CC/MCC",1.5771,4.1,5.3
514,No,No,08,SURG,"HAND OR WRIST PROC, EXCEPT MAJOR THUMB OR JOINT PROC W/O CC/MCC",1.0668,2.3,2.7
515,Yes,Yes,08,SURG,OTHER MUSCULOSKELET SYS & CONN TISS O.R. PROC W MCC,3.1540,6.5,8.3
516,Yes,Yes,08,SURG,OTHER MUSCULOSKELET SYS & CONN TISS O.R. PROC W CC,1.9391,3.7,4.6
517,Yes,Yes,08,SURG,OTHER MUSCULOSKELET SYS & CONN TISS O.R. PROC W/O CC/MCC,1.4153,2.2,2.7
518,Yes,Yes,08,SURG,BACK & NECK PROC EXC SPINAL FUSION W MCC OR DISC DEVICE/NEUROSTIM,3.4086,4.0,6.1
519,Yes,Yes,08,SURG,BACK & NECK PROC EXC SPINAL FUSION W CC,1.9087,3.1,4.0
520,Yes,Yes,08,SURG,BACK & NECK PROC EXC SPINAL FUSION W/O CC/MCC,1.3380,1.9,2.3
533,Yes,No,08,MED,FRACTURES OF FEMUR W MCC,1.4594,4.2,5.5
534,Yes,No,08,MED,FRACTURES OF FEMUR W/O MCC,0.7778,2.9,3.4
535,Yes,No,08,MED,FRACTURES OF HIP & PELVIS W MCC,1.2271,3.7,4.7
536,Yes,No,08,MED,FRACTURES OF HIP & PELVIS W/O MCC,0.7585,2.9,3.4
537,No,No,08,MED,"SPRAINS, STRAINS, & DISLOCATIONS OF HIP, PELVIS & THIGH W CC/MCC",0.9109,3.3,4.0
538,No,No,08,MED,"SPRAINS, STRAINS, & DISLOCATIONS OF HIP, PELVIS & THIGH W/O CC/MCC",0.7210,2.5,2.9
539,Yes,No,08,MED,OSTEOMYELITIS W MCC,1.8852,5.8,7.9
540,Yes,No,08,MED,OSTEOMYELITIS W CC,1.3000,4.4,5.6
541,Yes,No,08,MED,OSTEOMYELITIS W/O CC/MCC,0.9067,3.2,4.1
542,Yes,No,08,MED,PATHOLOGICAL FRACTURES & MUSCULOSKELET & CONN TISS MALIG W MCC,1.8248,5.1,6.7
543,Yes,No,08,MED,PATHOLOGICAL FRACTURES & MUSCULOSKELET & CONN TISS MALIG W CC,1.0563,3.6,4.4
544,Yes,No,08,MED,PATHOLOGICAL FRACTURES & MUSCULOSKELET & CONN TISS MALIG W/O CC/MCC,0.7584,2.8,3.2
545,Yes,No,08,MED,CONNECTIVE TISSUE DISORDERS W MCC,2.5280,5.7,8.0
546,Yes,No,08,MED,CONNECTIVE TISSUE DISORDERS W CC,1.2034,3.4,4.4
547,Yes,No,08,MED,CONNECTIVE TISSUE DISORDERS W/O CC/MCC,0.8101,2.5,3.0
548,No,No,08,MED,SEPTIC ARTHRITIS W MCC,1.9833,6.0,8.1
549,No,No,08,MED,SEPTIC ARTHRITIS W CC,1.1931,4.1,5.0
550,No,No,08,MED,SEPTIC ARTHRITIS W/O CC/MCC,0.8640,2.8,3.4
551,Yes,No,08,MED,MEDICAL BACK PROBLEMS W MCC,1.5894,4.4,5.6
552,Yes,No,08,MED,MEDICAL BACK PROBLEMS W/O MCC,0.9119,2.9,3.5
553,No,No,08,MED,BONE DISEASES & ARTHROPATHIES W MCC,1.2855,3.8,4.9
554,No,No,08,MED,BONE DISEASES & ARTHROPATHIES W/O MCC,0.7872,2.8,3.3
555,No,No,08,MED,SIGNS & SYMPTOMS OF MUSCULOSKELETAL SYSTEM & CONN TISSUE W MCC,1.3153,3.7,5.0
556,No,No,08,MED,SIGNS & SYMPTOMS OF MUSCULOSKELETAL SYSTEM & CONN TISSUE W/O MCC,0.7918,2.6,3.3
557,Yes,No,08,MED,"TENDONITIS, MYOSITIS & BURSITIS W MCC",1.4582,4.6,5.9
558,Yes,No,08,MED,"TENDONITIS, MYOSITIS & BURSITIS W/O MCC",0.8614,3.2,3.8
559,Yes,No,08,MED,"AFTERCARE, MUSCULOSKELETAL SYSTEM & CONNECTIVE TISSUE W MCC",1.8018,4.7,6.5
560,Yes,No,08,MED,"AFTERCARE, MUSCULOSKELETAL SYSTEM & CONNECTIVE TISSUE W CC",1.0435,3.7,4.8
561,Yes,No,08,MED,"AFTERCARE, MUSCULOSKELETAL SYSTEM & CONNECTIVE TISSUE W/O CC/MCC",0.7474,2.6,3.4
562,Yes,No,08,MED,"FX, SPRN, STRN & DISL EXCEPT FEMUR, HIP, PELVIS & THIGH W MCC",1.3471,4.0,5.0
563,Yes,No,08,MED,"FX, SPRN, STRN & DISL EXCEPT FEMUR, HIP, PELVIS & THIGH W/O MCC",0.8540,3.0,3.5
564,No,No,08,MED,OTHER MUSCULOSKELETAL SYS & CONNECTIVE TISSUE DIAGNOSES W MCC,1.5120,4.6,5.8
565,No,No,08,MED,OTHER MUSCULOSKELETAL SYS & CONNECTIVE TISSUE DIAGNOSES W CC,0.9805,3.3,4.0
566,No,No,08,MED,OTHER MUSCULOSKELETAL SYS & CONNECTIVE TISSUE DIAGNOSES W/O CC/MCC,0.7577,2.5,3.0
570,Yes,No,09,SURG,SKIN DEBRIDEMENT W MCC,2.8732,7.4,9.7
571,Yes,No,09,SURG,SKIN DEBRIDEMENT W CC,1.6723,5.0,6.3
572,Yes,No,09,SURG,SKIN DEBRIDEMENT W/O CC/MCC,1.1217,3.2,3.9
573,Yes,No,09,SURG,SKIN GRAFT FOR SKIN ULCER OR CELLULITIS W MCC,5.3153,10.4,15.2
574,Yes,No,09,SURG,SKIN GRAFT FOR SKIN ULCER OR CELLULITIS W CC,3.1218,7.3,9.8
575,Yes,No,09,SURG,SKIN GRAFT FOR SKIN ULCER OR CELLULITIS W/O CC/MCC,1.7570,4.3,5.4
576,No,No,09,SURG,SKIN GRAFT EXC FOR SKIN ULCER OR CELLULITIS W MCC,4.8492,8.5,12.3
577,No,No,09,SURG,SKIN GRAFT EXC FOR SKIN ULCER OR CELLULITIS W CC,2.4156,4.4,6.5
578,No,No,09,SURG,SKIN GRAFT EXC FOR SKIN ULCER OR CELLULITIS W/O CC/MCC,1.6274,2.8,3.8
579,Yes,No,09,SURG,"OTHER SKIN, SUBCUT TISS & BREAST PROC W MCC",2.9861,6.9,9.5
580,Yes,No,09,SURG,"OTHER SKIN, SUBCUT TISS & BREAST PROC W CC",1.6087,4.1,5.3
581,Yes,No,09,SURG,"OTHER SKIN, SUBCUT TISS & BREAST PROC W/O CC/MCC",1.2548,2.4,3.0
582,No,No,09,SURG,MASTECTOMY FOR MALIGNANCY W CC/MCC,1.5787,2.5,3.5
583,No,No,09,SURG,MASTECTOMY FOR MALIGNANCY W/O CC/MCC,1.4614,1.7,2.1
584,No,No,09,SURG,"BREAST BIOPSY, LOCAL EXCISION & OTHER BREAST PROCEDURES W CC/MCC",1.8284,3.7,4.8
585,No,No,09,SURG,"BREAST BIOPSY, LOCAL EXCISION & OTHER BREAST PROCEDURES W/O CC/MCC",1.6973,2.2,2.6
592,Yes,No,09,MED,SKIN ULCERS W MCC,1.7843,5.5,7.4
593,Yes,No,09,MED,SKIN ULCERS W CC,1.1478,4.2,5.3
594,Yes,No,09,MED,SKIN ULCERS W/O CC/MCC,0.8097,3.2,4.0
595,No,No,09,MED,MAJOR SKIN DISORDERS W MCC,2.0326,5.4,7.5
596,No,No,09,MED,MAJOR SKIN DISORDERS W/O MCC,0.9741,3.4,4.3
597,No,No,09,MED,MALIGNANT BREAST DISORDERS W MCC,1.6929,4.8,6.6
598,No,No,09,MED,MALIGNANT BREAST DISORDERS W CC,1.0886,3.4,4.4
599,No,No,09,MED,MALIGNANT BREAST DISORDERS W/O CC/MCC,0.6954,2.5,3.1
600,No,No,09,MED,NON-MALIGNANT BREAST DISORDERS W CC/MCC,0.9592,3.4,4.2
601,No,No,09,MED,NON-MALIGNANT BREAST DISORDERS W/O CC/MCC,0.6188,2.5,3.0
602,Yes,No,09,MED,CELLULITIS W MCC,1.4298,4.6,5.8
603,Yes,No,09,MED,CELLULITIS W/O MCC,0.8435,3.2,3.8
604,No,No,09,MED,"TRAUMA TO THE SKIN, SUBCUT TISS & BREAST W MCC",1.4645,3.9,5.1
605,No,No,09,MED,"TRAUMA TO THE SKIN, SUBCUT TISS & BREAST W/O MCC",0.8757,2.6,3.2
606,No,No,09,MED,MINOR SKIN DISORDERS W MCC,1.4955,4.3,5.9
607,No,No,09,MED,MINOR SKIN DISORDERS W/O MCC,0.8261,2.9,3.6
614,No,No,10,SURG,ADRENAL & PITUITARY PROCEDURES W CC/MCC,2.4333,3.4,4.8
615,No,No,10,SURG,ADRENAL & PITUITARY PROCEDURES W/O CC/MCC,1.4841,1.9,2.2
616,Yes,No,10,SURG,"AMPUTAT OF LOWER LIMB FOR ENDOCRINE, NUTRIT, & METABOL DIS W MCC",4.0008,9.8,12.3
617,Yes,No,10,SURG,"AMPUTAT OF LOWER LIMB FOR ENDOCRINE, NUTRIT, & METABOL DIS W CC",2.0513,5.9,7.0
618,Yes,No,10,SURG,"AMPUTAT OF LOWER LIMB FOR ENDOCRINE, NUTRIT, & METABOL DIS W/O CC/MCC",1.2545,3.4,4.1
619,No,No,10,SURG,O.R. PROCEDURES FOR OBESITY W MCC,3.0785,3.1,5.1
620,No,No,10,SURG,O.R. PROCEDURES FOR OBESITY W CC,1.7946,1.9,2.3
621,No,No,10,SURG,O.R. PROCEDURES FOR OBESITY W/O CC/MCC,1.5720,1.5,1.6
622,Yes,No,10,SURG,"SKIN GRAFTS & WOUND DEBRID FOR ENDOC, NUTRIT & METAB DIS W MCC",3.7755,8.6,11.6
623,Yes,No,10,SURG,"SKIN GRAFTS & WOUND DEBRID FOR ENDOC, NUTRIT & METAB DIS W CC",1.9526,5.5,6.7
624,Yes,No,10,SURG,"SKIN GRAFTS & WOUND DEBRID FOR ENDOC, NUTRIT & METAB DIS W/O CC/MCC",1.1020,3.1,3.8
625,No,No,10,SURG,"THYROID, PARATHYROID & THYROGLOSSAL PROCEDURES W MCC",2.9251,5.0,7.2
626,No,No,10,SURG,"THYROID, PARATHYROID & THYROGLOSSAL PROCEDURES W CC",1.6828,2.4,3.5
627,No,No,10,SURG,"THYROID, PARATHYROID & THYROGLOSSAL PROCEDURES W/O CC/MCC",1.1417,1.4,1.7
628,Yes,No,10,SURG,"OTHER ENDOCRINE, NUTRIT & METAB O.R. PROC W MCC",3.6893,7.3,10.1
629,Yes,No,10,SURG,"OTHER ENDOCRINE, NUTRIT & METAB O.R. PROC W CC",2.3228,6.0,7.1
630,Yes,No,10,SURG,"OTHER ENDOCRINE, NUTRIT & METAB O.R. PROC W/O CC/MCC",1.4488,2.6,3.2
637,Yes,No,10,MED,DIABETES W MCC,1.3857,3.8,5.0
638,Yes,No,10,MED,DIABETES W CC,0.8841,2.9,3.6
639,Yes,No,10,MED,DIABETES W/O CC/MCC,0.6132,2.1,2.5
640,Yes,No,10,MED,"MISC DISORDERS OF NUTRITION, METABOLISM, FLUIDS/ELECTROLYTES W MCC",1.2142,3.3,4.5
641,Yes,No,10,MED,"MISC DISORDERS OF NUTRITION, METABOLISM, FLUIDS/ELECTROLYTES W/O MCC",0.7566,2.6,3.2
642,No,No,10,MED,INBORN AND OTHER DISORDERS OF METABOLISM,1.2158,3.1,4.1
643,Yes,No,10,MED,ENDOCRINE DISORDERS W MCC,1.6255,5.0,6.3
644,Yes,No,10,MED,ENDOCRINE DISORDERS W CC,1.0281,3.5,4.3
645,Yes,No,10,MED,ENDOCRINE DISORDERS W/O CC/MCC,0.7652,2.7,3.2
652,No,No,11,SURG,KIDNEY TRANSPLANT,3.3849,5.3,6.1
653,Yes,No,11,SURG,MAJOR BLADDER PROCEDURES W MCC,5.5365,10.4,13.3
654,Yes,No,11,SURG,MAJOR BLADDER PROCEDURES W CC,2.8122,5.8,6.8
655,Yes,No,11,SURG,MAJOR BLADDER PROCEDURES W/O CC/MCC,2.0624,3.6,4.3
656,No,No,11,SURG,KIDNEY & URETER PROCEDURES FOR NEOPLASM W MCC,3.2606,5.6,7.5
657,No,No,11,SURG,KIDNEY & URETER PROCEDURES FOR NEOPLASM W CC,1.9342,3.4,4.1
658,No,No,11,SURG,KIDNEY & URETER PROCEDURES FOR NEOPLASM W/O CC/MCC,1.5699,2.2,2.5
659,Yes,No,11,SURG,KIDNEY & URETER PROCEDURES FOR NON-NEOPLASM W MCC,2.6798,6.0,8.1
660,Yes,No,11,SURG,KIDNEY & URETER PROCEDURES FOR NON-NEOPLASM W CC,1.4207,3.1,4.0
661,Yes,No,11,SURG,KIDNEY & URETER PROCEDURES FOR NON-NEOPLASM W/O CC/MCC,1.0901,1.9,2.3
662,No,No,11,SURG,MINOR BLADDER PROCEDURES W MCC,3.1647,7.5,10.2
663,No,No,11,SURG,MINOR BLADDER PROCEDURES W CC,1.5234,3.7,4.9
664,No,No,11,SURG,MINOR BLADDER PROCEDURES W/O CC/MCC,1.1066,1.9,2.3
665,No,No,11,SURG,PROSTATECTOMY W MCC,2.9685,7.5,9.6
666,No,No,11,SURG,PROSTATECTOMY W CC,1.7691,4.1,5.5
667,No,No,11,SURG,PROSTATECTOMY W/O CC/MCC,0.9387,2.0,2.4
668,No,No,11,SURG,TRANSURETHRAL PROCEDURES W MCC,2.7883,6.9,9.0
669,No,No,11,SURG,TRANSURETHRAL PROCEDURES W CC,1.5457,3.8,4.9
670,No,No,11,SURG,TRANSURETHRAL PROCEDURES W/O CC/MCC,0.9787,2.1,2.5
671,No,No,11,SURG,URETHRAL PROCEDURES W CC/MCC,1.8276,4.3,6.3
672,No,No,11,SURG,URETHRAL PROCEDURES W/O CC/MCC,1.0332,1.7,2.1
673,No,No,11,SURG,OTHER KIDNEY & URINARY TRACT PROCEDURES W MCC,3.5746,8.1,10.9
674,No,No,11,SURG,OTHER KIDNEY & URINARY TRACT PROCEDURES W CC,2.4442,5.7,7.4
675,No,No,11,SURG,OTHER KIDNEY & URINARY TRACT PROCEDURES W/O CC/MCC,1.6320,2.6,3.8
682,Yes,No,11,MED,RENAL FAILURE W MCC,1.4780,4.3,5.7
683,Yes,No,11,MED,RENAL FAILURE W CC,0.8973,3.1,3.9
684,Yes,No,11,MED,RENAL FAILURE W/O CC/MCC,0.6153,2.2,2.7
686,No,No,11,MED,KIDNEY & URINARY TRACT NEOPLASMS W MCC,1.7561,5.0,6.8
687,No,No,11,MED,KIDNEY & URINARY TRACT NEOPLASMS W CC,1.0526,3.3,4.3
688,No,No,11,MED,KIDNEY & URINARY TRACT NEOPLASMS W/O CC/MCC,0.7713,2.0,2.5
689,Yes,No,11,MED,KIDNEY & URINARY TRACT INFECTIONS W MCC,1.1186,3.8,4.8
690,Yes,No,11,MED,KIDNEY & URINARY TRACT INFECTIONS W/O MCC,0.7908,2.9,3.5
693,No,No,11,MED,URINARY STONES W MCC,1.3533,3.8,5.1
694,No,No,11,MED,URINARY STONES W/O MCC,0.7404,2.1,2.7
695,No,No,11,MED,KIDNEY & URINARY TRACT SIGNS & SYMPTOMS W MCC,1.1723,3.5,4.7
696,No,No,11,MED,KIDNEY & URINARY TRACT SIGNS & SYMPTOMS W/O MCC,0.6794,2.4,2.9
697,No,No,11,MED,URETHRAL STRICTURE,0.9739,2.6,3.5
698,Yes,No,11,MED,OTHER KIDNEY & URINARY TRACT DIAGNOSES W MCC,1.6186,4.8,6.1
699,Yes,No,11,MED,OTHER KIDNEY & URINARY TRACT DIAGNOSES W CC,1.0327,3.3,4.2
700,Yes,No,11,MED,OTHER KIDNEY & URINARY TRACT DIAGNOSES W/O CC/MCC,0.7417,2.4,2.9
707,No,No,12,SURG,MAJOR MALE PELVIC PROCEDURES W CC/MCC,1.8699,2.4,3.3
708,No,No,12,SURG,MAJOR MALE PELVIC PROCEDURES W/O CC/MCC,1.4520,1.4,1.5
709,No,No,12,SURG,PENIS PROCEDURES W CC/MCC,2.4056,4.1,6.5
710,No,No,12,SURG,PENIS PROCEDURES W/O CC/MCC,1.5358,1.9,2.6
711,No,No,12,SURG,TESTES PROCEDURES W CC/MCC,2.1432,5.2,7.6
712,No,No,12,SURG,TESTES PROCEDURES W/O CC/MCC,1.0202,2.5,3.2
713,No,No,12,SURG,TRANSURETHRAL PROSTATECTOMY W CC/MCC,1.4620,2.8,4.0
714,No,No,12,SURG,TRANSURETHRAL PROSTATECTOMY W/O CC/MCC,0.9154,1.7,2.0
715,No,No,12,SURG,OTHER MALE REPRODUCTIVE SYSTEM O.R. PROC FOR MALIGNANCY W CC/MCC,2.1365,4.7,6.6
716,No,No,12,SURG,OTHER MALE REPRODUCTIVE SYSTEM O.R. PROC FOR MALIGNANCY W/O CC/MCC,1.4655,1.4,1.6
717,No,No,12,SURG,OTHER MALE REPRODUCTIVE SYSTEM O.R. PROC EXC MALIGNANCY W CC/MCC,1.7643,3.7,5.1
718,No,No,12,SURG,OTHER MALE REPRODUCTIVE SYSTEM O.R. PROC EXC MALIGNANCY W/O CC/MCC,1.2194,2.2,2.6
722,No,No,12,MED,"MALIGNANCY, MALE REPRODUCTIVE SYSTEM W MCC",1.8049,5.2,7.0
723,No,No,12,MED,"MALIGNANCY, MALE REPRODUCTIVE SYSTEM W CC",1.1074,3.4,4.4
724,No,No,12,MED,"MALIGNANCY, MALE REPRODUCTIVE SYSTEM W/O CC/MCC",0.5904,1.7,2.2
725,No,No,12,MED,BENIGN PROSTATIC HYPERTROPHY W MCC,1.2554,4.2,5.3
726,No,No,12,MED,BENIGN PROSTATIC HYPERTROPHY W/O MCC,0.7647,2.6,3.3
727,No,No,12,MED,INFLAMMATION OF THE MALE REPRODUCTIVE SYSTEM W MCC,1.4273,4.4,5.7
728,No,No,12,MED,INFLAMMATION OF THE MALE REPRODUCTIVE SYSTEM W/O MCC,0.8025,3.0,3.6
729,No,No,12,MED,OTHER MALE REPRODUCTIVE SYSTEM DIAGNOSES W CC/MCC,1.0739,3.1,4.2
730,No,No,12,MED,OTHER MALE REPRODUCTIVE SYSTEM DIAGNOSES W/O CC/MCC,0.6316,2.0,2.5
734,No,No,13,SURG,"PELVIC EVISCERATION, RAD HYSTERECTOMY & RAD VULVECTOMY W CC/MCC",2.1919,3.4,4.9
735,No,No,13,SURG,"PELVIC EVISCERATION, RAD HYSTERECTOMY & RAD VULVECTOMY W/O CC/MCC",1.3742,1.7,2.0
736,No,No,13,SURG,UTERINE & ADNEXA PROC FOR OVARIAN OR ADNEXAL MALIGNANCY W MCC,4.3209,8.4,11.1
737,No,No,13,SURG,UTERINE & ADNEXA PROC FOR OVARIAN OR ADNEXAL MALIGNANCY W CC,1.9871,4.2,5.0
738,No,No,13,SURG,UTERINE & ADNEXA PROC FOR OVARIAN OR ADNEXAL MALIGNANCY W/O CC/MCC,1.3789,2.7,3.1
739,No,No,13,SURG,"UTERINE, ADNEXA PROC FOR NON-OVARIAN/ADNEXAL MALIG W MCC",3.7445,6.6,9.6
740,No,No,13,SURG,"UTERINE, ADNEXA PROC FOR NON-OVARIAN/ADNEXAL MALIG W CC",1.7849,2.9,3.9
741,No,No,13,SURG,"UTERINE, ADNEXA PROC FOR NON-OVARIAN/ADNEXAL MALIG W/O CC/MCC",1.3295,1.6,2.0
742,No,No,13,SURG,UTERINE & ADNEXA PROC FOR NON-MALIGNANCY W CC/MCC,1.6895,2.9,3.8
743,No,No,13,SURG,UTERINE & ADNEXA PROC FOR NON-MALIGNANCY W/O CC/MCC,1.1485,1.7,1.9
744,No,No,13,SURG,"D&C, CONIZATION, LAPAROSCOPY & TUBAL INTERRUPTION W CC/MCC",1.7405,4.2,5.8
745,No,No,13,SURG,"D&C, CONIZATION, LAPAROSCOPY & TUBAL INTERRUPTION W/O CC/MCC",1.0653,2.0,2.4
746,No,No,13,SURG,"VAGINA, CERVIX & VULVA PROCEDURES W CC/MCC",1.6310,3.3,5.0
747,No,No,13,SURG,"VAGINA, CERVIX & VULVA PROCEDURES W/O CC/MCC",0.9322,1.6,1.9
748,No,No,13,SURG,FEMALE REPRODUCTIVE SYSTEM RECONSTRUCTIVE PROCEDURES,1.3217,1.6,2.0
749,No,No,13,SURG,OTHER FEMALE REPRODUCTIVE SYSTEM O.R. PROCEDURES W CC/MCC,2.5922,5.5,7.6
750,No,No,13,SURG,OTHER FEMALE REPRODUCTIVE SYSTEM O.R. PROCEDURES W/O CC/MCC,1.3312,2.3,2.8
754,No,No,13,MED,"MALIGNANCY, FEMALE REPRODUCTIVE SYSTEM W MCC",1.7619,5.2,6.9
755,No,No,13,MED,"MALIGNANCY, FEMALE REPRODUCTIVE SYSTEM W CC",1.0238,3.2,4.1
756,No,No,13,MED,"MALIGNANCY, FEMALE REPRODUCTIVE SYSTEM W/O CC/MCC",0.8768,2.1,2.5
757,No,No,13,MED,"INFECTIONS, FEMALE REPRODUCTIVE SYSTEM W MCC",1.4203,4.7,6.1
758,No,No,13,MED,"INFECTIONS, FEMALE REPRODUCTIVE SYSTEM W CC",0.9654,3.6,4.4
759,No,No,13,MED,"INFECTIONS, FEMALE REPRODUCTIVE SYSTEM W/O CC/MCC",0.6603,2.7,3.2
760,No,No,13,MED,MENSTRUAL & OTHER FEMALE REPRODUCTIVE SYSTEM DISORDERS W CC/MCC,0.9025,2.6,3.4
761,No,No,13,MED,MENSTRUAL & OTHER FEMALE REPRODUCTIVE SYSTEM DISORDERS W/O CC/MCC,0.5654,1.8,2.2
768,No,No,14,SURG,VAGINAL DELIVERY W O.R. PROC EXCEPT STERIL &/OR D&C,1.0075,2.8,3.4
769,No,No,14,SURG,POSTPARTUM & POST ABORTION DIAGNOSES W O.R. PROCEDURE,1.4430,3.0,4.2
770,No,No,14,SURG,"ABORTION W D&C, ASPIRATION CURETTAGE OR HYSTEROTOMY",0.7863,1.7,2.1
776,No,No,14,MED,POSTPARTUM & POST ABORTION DIAGNOSES W/O O.R. PROCEDURE,0.7099,2.4,3.1
779,No,No,14,MED,ABORTION W/O D&C,1.1418,1.9,2.9
783,No,No,14,SURG,CESAREAN SECTION W STERILIZATION W MCC,2.1448,5.0,8.5
784,No,No,14,SURG,CESAREAN SECTION W STERILIZATION W CC,1.0452,3.3,4.0
785,No,No,14,SURG,CESAREAN SECTION W STERILIZATION W/O CC/MCC,0.8584,2.7,2.9
786,No,No,14,SURG,CESAREAN SECTION W/O STERILIZATION W MCC,1.7145,4.5,6.3
787,No,No,14,SURG,CESAREAN SECTION W/O STERILIZATION W CC,1.0455,3.5,4.0
788,No,No,14,SURG,CESAREAN SECTION W/O STERILIZATION W/O CC/MCC,0.9062,2.9,3.1
789,No,No,15,MED,"NEONATES, DIED OR TRANSFERRED TO ANOTHER ACUTE CARE FACILITY",1.6900,1.8,1.8
790,No,No,15,MED,"EXTREME IMMATURITY OR RESPIRATORY DISTRESS SYNDROME, NEONATE",5.5730,17.9,17.9
791,No,No,15,MED,PREMATURITY W MAJOR PROBLEMS,3.8062,13.3,13.3
792,No,No,15,MED,PREMATURITY W/O MAJOR PROBLEMS,2.2965,8.6,8.6
793,No,No,15,MED,FULL TERM NEONATE W MAJOR PROBLEMS,3.9097,4.7,4.7
794,No,No,15,MED,NEONATE W OTHER SIGNIFICANT PROBLEMS,1.3838,3.4,3.4
795,No,No,15,MED,NORMAL NEWBORN,0.1873,3.1,3.1
796,No,No,14,SURG,VAGINAL DELIVERY W STERILIZATION/D&C W MCC,1.9723,3.7,6.8
797,No,No,14,SURG,VAGINAL DELIVERY W STERILIZATION/D&C W CC,0.8628,2.3,2.5
798,No,No,14,SURG,VAGINAL DELIVERY W STERILIZATION/D&C W/O CC/MCC,0.8628,2.3,2.5
799,No,No,16,SURG,SPLENECTOMY W MCC,4.9443,8.3,10.7
800,No,No,16,SURG,SPLENECTOMY W CC,2.8420,4.7,6.2
801,No,No,16,SURG,SPLENECTOMY W/O CC/MCC,1.8732,2.7,3.5
802,No,No,16,SURG,OTHER O.R. PROC OF THE BLOOD & BLOOD FORMING ORGANS W MCC,3.1524,7.1,9.7
803,No,No,16,SURG,OTHER O.R. PROC OF THE BLOOD & BLOOD FORMING ORGANS W CC,1.7816,4.0,5.2
804,No,No,16,SURG,OTHER O.R. PROC OF THE BLOOD & BLOOD FORMING ORGANS W/O CC/MCC,1.3626,2.1,2.6
805,No,No,14,MED,VAGINAL DELIVERY W/O STERILIZATION/D&C W MCC,1.0407,3.0,4.0
806,No,No,14,MED,VAGINAL DELIVERY W/O STERILIZATION/D&C W CC,0.7092,2.4,2.7
807,No,No,14,MED,VAGINAL DELIVERY W/O STERILIZATION/D&C W/O CC/MCC,0.6268,2.1,2.2
808,No,No,16,MED,MAJOR HEMATOL/IMMUN DIAG EXC SICKLE CELL CRISIS & COAGUL W MCC,2.1296,5.3,7.1
809,No,No,16,MED,MAJOR HEMATOL/IMMUN DIAG EXC SICKLE CELL CRISIS & COAGUL W CC,1.2159,3.5,4.5
810,No,No,16,MED,MAJOR HEMATOL/IMMUN DIAG EXC SICKLE CELL CRISIS & COAGUL W/O CC/MCC,0.9354,2.6,3.2
811,No,No,16,MED,RED BLOOD CELL DISORDERS W MCC,1.3403,3.6,4.8
812,No,No,16,MED,RED BLOOD CELL DISORDERS W/O MCC,0.8707,2.7,3.4
813,No,No,16,MED,COAGULATION DISORDERS,1.5852,3.7,4.8
814,No,No,16,MED,RETICULOENDOTHELIAL & IMMUNITY DISORDERS W MCC,1.7491,4.6,6.4
815,No,No,16,MED,RETICULOENDOTHELIAL & IMMUNITY DISORDERS W CC,1.0128,3.0,3.8
816,No,No,16,MED,RETICULOENDOTHELIAL & IMMUNITY DISORDERS W/O CC/MCC,0.7159,2.2,2.6
817,No,No,14,SURG,OTHER ANTEPARTUM DIAGNOSES W O.R. PROCEDURE W MCC,2.5162,4.0,6.8
818,No,No,14,SURG,OTHER ANTEPARTUM DIAGNOSES W O.R. PROCEDURE W CC,1.2739,2.9,4.0
819,No,No,14,SURG,OTHER ANTEPARTUM DIAGNOSES W O.R. PROCEDURE W/O CC/MCC,0.7979,1.9,2.2
820,No,No,17,SURG,LYMPHOMA & LEUKEMIA W MAJOR O.R. PROCEDURE W MCC,5.7167,11.0,15.3
821,No,No,17,SURG,LYMPHOMA & LEUKEMIA W MAJOR O.R. PROCEDURE W CC,2.2323,3.8,5.5
822,No,No,17,SURG,LYMPHOMA & LEUKEMIA W MAJOR O.R. PROCEDURE W/O CC/MCC,1.2644,1.9,2.4
823,No,No,17,SURG,LYMPHOMA & NON-ACUTE LEUKEMIA W OTHER PROC W MCC,4.2302,10.2,13.3
824,No,No,17,SURG,LYMPHOMA & NON-ACUTE LEUKEMIA W OTHER PROC W CC,2.3251,5.2,7.0
825,No,No,17,SURG,LYMPHOMA & NON-ACUTE LEUKEMIA W OTHER PROC W/O CC/MCC,1.3545,2.6,3.5
826,No,No,17,SURG,MYELOPROLIF DISORD OR POORLY DIFF NEOPL W MAJ O.R. PROC W MCC,5.0150,10.2,13.2
827,No,No,17,SURG,MYELOPROLIF DISORD OR POORLY DIFF NEOPL W MAJ O.R. PROC W CC,2.3162,4.6,5.9
828,No,No,17,SURG,MYELOPROLIF DISORD OR POORLY DIFF NEOPL W MAJ O.R. PROC W/O CC/MCC,1.6512,2.8,3.5
829,No,No,17,SURG,MYELOPROLIFERATIVE DISORDERS OR POORLY DIFFERENTIATED NEOPLASMS W OTHER PROCEDURE W CC/MCC,3.1399,6.0,8.9
830,No,No,17,SURG,MYELOPROLIFERATIVE DISORDERS OR POORLY DIFFERENTIATED NEOPLASMS W OTHER PROCEDURE W/O CC/MCC,1.3788,2.5,3.1
831,No,No,14,MED,OTHER ANTEPARTUM DIAGNOSES W/O O.R. PROCEDURE W MCC,1.0785,3.3,4.8
832,No,No,14,MED,OTHER ANTEPARTUM DIAGNOSES W/O O.R. PROCEDURE W CC,0.7155,2.5,3.6
833,No,No,14,MED,OTHER ANTEPARTUM DIAGNOSES W/O O.R. PROCEDURE W/O CC/MCC,0.5321,1.9,2.6
834,No,No,17,MED,ACUTE LEUKEMIA W/O MAJOR O.R. PROCEDURE W MCC,5.8425,10.1,16.7
835,No,No,17,MED,ACUTE LEUKEMIA W/O MAJOR O.R. PROCEDURE W CC,2.0282,4.3,6.7
836,No,No,17,MED,ACUTE LEUKEMIA W/O MAJOR O.R. PROCEDURE W/O CC/MCC,1.3176,2.7,4.1
837,No,No,17,MED,CHEMO W ACUTE LEUKEMIA AS SDX OR W HIGH DOSE CHEMO AGENT W MCC,5.9908,12.9,19.1
838,No,No,17,MED,CHEMO W ACUTE LEUKEMIA AS SDX W CC OR HIGH DOSE CHEMO AGENT,2.1879,5.6,7.5
839,No,No,17,MED,CHEMO W ACUTE LEUKEMIA AS SDX W/O CC/MCC,1.2762,4.3,4.9
840,Yes,No,17,MED,LYMPHOMA & NON-ACUTE LEUKEMIA W MCC,3.1952,6.7,9.5
841,Yes,No,17,MED,LYMPHOMA & NON-ACUTE LEUKEMIA W CC,1.6117,4.1,5.5
842,Yes,No,17,MED,LYMPHOMA & NON-ACUTE LEUKEMIA W/O CC/MCC,1.1466,2.9,3.7
843,No,No,17,MED,OTHER MYELOPROLIF DIS OR POORLY DIFF NEOPL DIAG W MCC,1.9078,5.4,7.3
844,No,No,17,MED,OTHER MYELOPROLIF DIS OR POORLY DIFF NEOPL DIAG W CC,1.2080,3.7,4.9
845,No,No,17,MED,OTHER MYELOPROLIF DIS OR POORLY DIFF NEOPL DIAG W/O CC/MCC,0.8659,2.7,3.3
846,No,No,17,MED,CHEMOTHERAPY W/O ACUTE LEUKEMIA AS SECONDARY DIAGNOSIS W MCC,2.6266,6.0,8.2
847,No,No,17,MED,CHEMOTHERAPY W/O ACUTE LEUKEMIA AS SECONDARY DIAGNOSIS W CC,1.3159,3.6,4.1
848,No,No,17,MED,CHEMOTHERAPY W/O ACUTE LEUKEMIA AS SECONDARY DIAGNOSIS W/O CC/MCC,0.9814,2.9,3.4
849,No,No,17,MED,RADIOTHERAPY,2.1258,5.5,7.3
853,Yes,No,18,SURG,INFECTIOUS & PARASITIC DISEASES W O.R. PROCEDURE W MCC,5.0986,9.8,12.7
854,Yes,No,18,SURG,INFECTIOUS & PARASITIC DISEASES W O.R. PROCEDURE W CC,2.1612,5.5,6.8
855,Yes,No,18,SURG,INFECTIOUS & PARASITIC DISEASES W O.R. PROCEDURE W/O CC/MCC,1.6033,3.3,4.3
856,Yes,No,18,SURG,POSTOPERATIVE OR POST-TRAUMATIC INFECTIONS W O.R. PROC W MCC,4.4257,9.0,11.9
857,Yes,No,18,SURG,POSTOPERATIVE OR POST-TRAUMATIC INFECTIONS W O.R. PROC W CC,2.0333,5.2,6.6
858,Yes,No,18,SURG,POSTOPERATIVE OR POST-TRAUMATIC INFECTIONS W O.R. PROC W/O CC/MCC,1.3764,3.4,4.2
862,Yes,No,18,MED,POSTOPERATIVE & POST-TRAUMATIC INFECTIONS W MCC,1.8506,5.0,6.6
863,Yes,No,18,MED,POSTOPERATIVE & POST-TRAUMATIC INFECTIONS W/O MCC,0.9880,3.5,4.2
864,No,No,18,MED,FEVER AND INFLAMMATORY CONDITIONS,0.8474,2.7,3.3
865,No,No,18,MED,VIRAL ILLNESS W MCC,1.3933,3.9,5.3
866,No,No,18,MED,VIRAL ILLNESS W/O MCC,0.8187,2.7,3.4
867,Yes,No,18,MED,OTHER INFECTIOUS & PARASITIC DISEASES DIAGNOSES W MCC,2.1852,5.5,7.6
868,Yes,No,18,MED,OTHER INFECTIOUS & PARASITIC DISEASES DIAGNOSES W CC,1.0970,3.6,4.6
869,Yes,No,18,MED,OTHER INFECTIOUS & PARASITIC DISEASES DIAGNOSES W/O CC/MCC,0.7425,2.6,3.1
870,Yes,No,18,MED,SEPTICEMIA OR SEVERE SEPSIS W MV >96 HOURS,6.3243,12.3,14.3
871,Yes,No,18,MED,SEPTICEMIA OR SEVERE SEPSIS W/O MV >96 HOURS W MCC,1.8663,4.8,6.2
872,Yes,No,18,MED,SEPTICEMIA OR SEVERE SEPSIS W/O MV >96 HOURS W/O MCC,1.0393,3.6,4.3
876,No,No,19,SURG,O.R. PROCEDURE W PRINCIPAL DIAGNOSES OF MENTAL ILLNESS,3.6400,7.5,15.9
880,No,No,19,MED,ACUTE ADJUSTMENT REACTION & PSYCHOSOCIAL DYSFUNCTION,0.8569,2.6,3.6
881,No,No,19,MED,DEPRESSIVE NEUROSES,0.8193,4.0,5.4
882,No,No,19,MED,NEUROSES EXCEPT DEPRESSIVE,0.7898,3.2,4.4
883,No,No,19,MED,DISORDERS OF PERSONALITY & IMPULSE CONTROL,1.3366,4.7,8.2
884,Yes,No,19,MED,ORGANIC DISTURBANCES & INTELLECTUAL DISABILITY,1.4380,4.5,7.4
885,No,No,19,MED,PSYCHOSES,1.2154,5.8,8.4
886,No,No,19,MED,BEHAVIORAL & DEVELOPMENTAL DISORDERS,1.3456,4.1,8.6
887,No,No,19,MED,OTHER MENTAL DISORDER DIAGNOSES,1.0881,3.1,4.9
894,No,No,20,MED,"ALCOHOL/DRUG ABUSE OR DEPENDENCE, LEFT AMA",0.5804,2.1,2.9
895,No,No,20,MED,ALCOHOL/DRUG ABUSE OR DEPENDENCE W REHABILITATION THERAPY,1.6269,9.3,12.4
896,Yes,No,20,MED,ALCOHOL/DRUG ABUSE OR DEPENDENCE W/O REHABILITATION THERAPY W MCC,1.7197,4.8,6.7
897,Yes,No,20,MED,ALCOHOL/DRUG ABUSE OR DEPENDENCE W/O REHABILITATION THERAPY W/O MCC,0.8218,3.4,4.3
901,No,No,21,SURG,WOUND DEBRIDEMENTS FOR INJURIES W MCC,4.3272,8.7,13.1
902,No,No,21,SURG,WOUND DEBRIDEMENTS FOR INJURIES W CC,1.9669,4.8,6.4
903,No,No,21,SURG,WOUND DEBRIDEMENTS FOR INJURIES W/O CC/MCC,1.1440,2.8,3.5
904,No,No,21,SURG,SKIN GRAFTS FOR INJURIES W CC/MCC,3.5374,7.0,10.6
905,No,No,21,SURG,SKIN GRAFTS FOR INJURIES W/O CC/MCC,1.6644,3.6,4.9
906,No,No,21,SURG,HAND PROCEDURES FOR INJURIES,1.7409,2.9,4.4
907,Yes,No,21,SURG,OTHER O.R. PROCEDURES FOR INJURIES W MCC,3.9896,7.1,9.8
908,Yes,No,21,SURG,OTHER O.R. PROCEDURES FOR INJURIES W CC,2.0631,4.0,5.3
909,Yes,No,21,SURG,OTHER O.R. PROCEDURES FOR INJURIES W/O CC/MCC,1.3187,2.4,3.0
913,No,No,21,MED,TRAUMATIC INJURY W MCC,1.4763,3.5,4.7
914,No,No,21,MED,TRAUMATIC INJURY W/O MCC,0.8617,2.5,3.2
915,No,No,21,MED,ALLERGIC REACTIONS W MCC,1.6991,3.7,4.9
916,No,No,21,MED,ALLERGIC REACTIONS W/O MCC,0.6332,1.8,2.2
917,Yes,No,21,MED,POISONING & TOXIC EFFECTS OF DRUGS W MCC,1.4632,3.5,4.8
918,Yes,No,21,MED,POISONING & TOXIC EFFECTS OF DRUGS W/O MCC,0.7840,2.3,3.1
919,No,No,21,MED,COMPLICATIONS OF TREATMENT W MCC,1.8253,4.3,6.0
920,No,No,21,MED,COMPLICATIONS OF TREATMENT W CC,1.0075,2.9,3.7
921,No,No,21,MED,COMPLICATIONS OF TREATMENT W/O CC/MCC,0.6906,2.1,2.6
922,No,No,21,MED,"OTHER INJURY, POISONING & TOXIC EFFECT DIAG W MCC",1.6036,4.1,6.3
923,No,No,21,MED,"OTHER INJURY, POISONING & TOXIC EFFECT DIAG W/O MCC",0.8655,2.7,3.8
927,No,No,22,SURG,EXTENSIVE BURNS OR FULL THICKNESS BURNS W MV >96 HRS W SKIN GRAFT,19.9435,23.9,30.7
928,No,No,22,SURG,FULL THICKNESS BURN W SKIN GRAFT OR INHAL INJ W CC/MCC,6.1949,11.4,15.6
929,No,No,22,SURG,FULL THICKNESS BURN W SKIN GRAFT OR INHAL INJ W/O CC/MCC,2.9415,5.9,7.9
933,No,No,22,MED,EXTENSIVE BURNS OR FULL THICKNESS BURNS W MV >96 HRS W/O SKIN GRAFT,3.1402,2.4,6.0
934,No,No,22,MED,FULL THICKNESS BURN W/O SKIN GRAFT OR INHAL INJ,1.8098,4.3,6.6
935,No,No,22,MED,NON-EXTENSIVE BURNS,1.9323,3.6,5.2
939,No,No,23,SURG,O.R. PROC W DIAGNOSES OF OTHER CONTACT W HEALTH SERVICES W MCC,3.6544,6.5,10.1
940,No,No,23,SURG,O.R. PROC W DIAGNOSES OF OTHER CONTACT W HEALTH SERVICES W CC,2.2718,3.6,5.0
941,No,No,23,SURG,O.R. PROC W DIAGNOSES OF OTHER CONTACT W HEALTH SERVICES W/O CC/MCC,1.9307,2.2,2.8
945,Yes,No,23,MED,REHABILITATION W CC/MCC,1.4553,6.6,9.1
946,Yes,No,23,MED,REHABILITATION W/O CC/MCC,1.0870,3.8,5.2
947,Yes,No,23,MED,SIGNS & SYMPTOMS W MCC,1.1973,3.5,4.8
948,Yes,No,23,MED,SIGNS & SYMPTOMS W/O MCC,0.7796,2.6,3.3
949,No,No,23,MED,AFTERCARE W CC/MCC,1.0889,4.0,6.0
950,No,No,23,MED,AFTERCARE W/O CC/MCC,0.7409,3.0,4.6
951,No,No,23,MED,OTHER FACTORS INFLUENCING HEALTH STATUS,0.5865,1.9,2.7
955,No,No,24,SURG,CRANIOTOMY FOR MULTIPLE SIGNIFICANT TRAUMA,6.0805,7.9,11.0
956,Yes,No,24,SURG,"LIMB REATTACHMENT, HIP & FEMUR PROC FOR MULTIPLE SIGNIFICANT TRAUMA",3.9233,6.1,7.5
957,No,No,24,SURG,OTHER O.R. PROCEDURES FOR MULTIPLE SIGNIFICANT TRAUMA W MCC,7.5337,9.5,13.1
958,No,No,24,SURG,OTHER O.R. PROCEDURES FOR MULTIPLE SIGNIFICANT TRAUMA W CC,4.1909,6.8,8.3
959,No,No,24,SURG,OTHER O.R. PROCEDURES FOR MULTIPLE SIGNIFICANT TRAUMA W/O CC/MCC,2.8005,4.5,5.4
963,No,No,24,MED,OTHER MULTIPLE SIGNIFICANT TRAUMA W MCC,2.7251,5.2,7.6
964,No,No,24,MED,OTHER MULTIPLE SIGNIFICANT TRAUMA W CC,1.4935,3.9,4.9
965,No,No,24,MED,OTHER MULTIPLE SIGNIFICANT TRAUMA W/O CC/MCC,0.9171,2.7,3.3
969,No,No,25,SURG,HIV W EXTENSIVE O.R. PROCEDURE W MCC,5.8027,11.8,15.6
970,No,No,25,SURG,HIV W EXTENSIVE O.R. PROCEDURE W/O MCC,2.9170,6.7,8.9
974,No,No,25,MED,HIV W MAJOR RELATED CONDITION W MCC,2.6739,6.3,8.7
975,No,No,25,MED,HIV W MAJOR RELATED CONDITION W CC,1.3420,4.1,5.5
976,No,No,25,MED,HIV W MAJOR RELATED CONDITION W/O CC/MCC,0.9142,3.0,3.9
977,No,No,25,MED,HIV W OR W/O OTHER RELATED CONDITION,1.3005,3.5,4.8
981,Yes,No, ,SURG,EXTENSIVE O.R. PROCEDURE UNRELATED TO PRINCIPAL DIAGNOSIS W MCC,4.4907,8.4,11.5
982,Yes,No, ,SURG,EXTENSIVE O.R. PROCEDURE UNRELATED TO PRINCIPAL DIAGNOSIS W CC,2.4381,4.6,6.2
983,Yes,No, ,SURG,EXTENSIVE O.R. PROCEDURE UNRELATED TO PRINCIPAL DIAGNOSIS W/O CC/MCC,1.6371,2.4,3.1
987,Yes,Yes, ,SURG,NON-EXTENSIVE O.R. PROC UNRELATED TO PRINCIPAL DIAGNOSIS W MCC,3.3337,7.8,10.5
988,Yes,Yes, ,SURG,NON-EXTENSIVE O.R. PROC UNRELATED TO PRINCIPAL DIAGNOSIS W CC,1.7183,4.4,5.7
989,Yes,Yes, ,SURG,NON-EXTENSIVE O.R. PROC UNRELATED TO PRINCIPAL DIAGNOSIS W/O CC/MCC,1.1524,2.3,3.2
998,No,No, ,**,PRINCIPAL DIAGNOSIS INVALID AS DISCHARGE DIAGNOSIS,.,,
999,No,No, ,**,UNGROUPABLE,.,,
,,,,,,,,
**MS-DRGs 998 and 999 contain cases that could not be assigned to valid DRGs.,,,,,,,,
